Property Name,Price,House Type,Area (sq ft),Bedrooms,Bathrooms,Receptions,Location,City/County,Postal Code,Price per sqft
Queens Road,1675000,House,2716,5,5,5,Wimbledon,London,SW19 8NY,616.7157584683358
Seward Street,650000,Flat / Apartment,814,2,2,2,Clerkenwell,London,EC1V 3PA,798.5257985257986
Hotham Road,735000,Flat / Apartment,761,2,2,2,Putney,London,SW15 1QL,965.8344283837057
Festing Road,1765000,House,1986,4,4,4,Putney,London,SW15 1LP,888.7210473313193
Spencer Walk,675000,Flat / Apartment,700,2,2,2,Putney,London,SW15 1PL,964.2857142857143
Craven Hill Gardens,420000,Flat / Apartment,403,1,1,1,Unknown,London,W2 3EA,1042.183622828784
Alfriston Road,1475000,House,1548,4,4,4,Unknown,London,SW11 6NW,952.842377260982
Bishops Gate,650000,New development,560,1,1,1, Fulham,London,SW6 3LF,1160.7142857142858
Adam & Eve Mews,2500000,House,1308,3,3,3,Unknown,London,W8 6UG,1911.31498470948
Hornton Street,925000,Flat / Apartment,646,2,2,2,Unknown,London,W8 4NT,1431.8885448916408
Drakefield Road,2400000,House,3392,6,6,6,Unknown,London,SW17 8RR,707.5471698113207
Cromwell Avenue,2500000,House,2974,6,6,6,Highgate,London,N6 5HQ,840.6186953597849
Ashley Park Avenue,2795000,House,5294,5,5,5,Walton-on-Thames,Surrey,KT12 1ER,527.956176803929
Grove End House,725000,Flat / Apartment,778,2,2,2, St. John's Wood,London,NW8 9HP,931.8766066838047
Abercorn Mansions,750000,Flat / Apartment,647,2,2,2,17 Abercorn Place,London,NW8 9DY,1159.1962905718701
Chester Terrace,12500000,House,4596,6,6,6,Regents Park,London,NW1 4ND,2719.7563098346386
Cambridge Park,1450000,Flat / Apartment,1702,3,3,3,Unknown,Twickenham,TW1 2PF,851.9388954171562
Hazelwood Lane,1250000,House,3503,6,6,6, Coulsdon,Surrey,CR5 3QW,356.8369968598344
Elsworthy Rise,2275000,New development,1173,3,3,3,Primrose Hill,London,NW3 3DS,1939.471440750213
St. Anns Road,1075000,Duplex,865,2,2,2,Unknown,Holland Park,W11 4SR,1242.7745664739884
Clapham Road,500000,Flat / Apartment,597,1,1,1,Unknown,London,SW9 9BT,837.5209380234506
Devonshire Close,5500000,House,3016,4,4,4,Marylebone,London,W1G 7BA,1823.6074270557028
The Draycott,8950000,New development,3154,4,4,4,10 Draycott Avenue,London,SW3 3AA,2837.6664552948637
Campden Hill Gardens,1175000,Flat / Apartment,765,2,2,2,Unknown,London,W8 7AX,1535.9477124183006
College Cross,550000,Flat / Apartment,479,1,1,1,Islington,London,N1 1PT,1148.2254697286012
St Mary's Grove,1300000,House,1101,3,3,3, Islington,London,N1 2NT,1180.7447774750226
Goldhurst Terrace,800000,Flat / Apartment,1177,3,3,3,South Hampstead,London,NW6 3HR,679.6941376380629
Upper Park Road,3500000,House,2331,4,4,4,Belsize Park,London,NW3 2UP,1501.5015015015015
Ditton Grove,374950,New development,664,2,2,2,Esher,Surrey,KT10 9FN,564.683734939759
Roymount Court,400000,Flat / Apartment,805,2,2,2, Surbiton,Surrey,KT6 6NW,496.8944099378882
Wetherby House,1100000,Flat / Apartment,582,2,2,2,20-21 Wetherby Gardens,London,SW5 0JP,1890.0343642611683
Fernside Road,1200000,House,1494,4,4,4,Unknown,London,SW12 8LJ,803.2128514056225
Telford Avenue,1250000,House,1507,4,4,4,Unknown,London,SW2 4XF,829.4625082946251
Telford Avenue,695000,Flat / Apartment,945,3,3,3,Unknown,London,SW2 4XQ,735.4497354497355
Stile Hall Gardens,1735000,House,2118,4,4,4,Chiswick,London,W4 3BS,819.1690273843249
Wavendon Avenue,2350000,House,2297,5,5,5,Chiswick,London,W4 4NR,1023.073574227253
Duke Road,1200000,House,1351,4,4,4,Chiswick,London,W4 2BA,888.2309400444116
Hobury Street,975000,Flat / Apartment,749,2,2,2,Unknown,London,SW10 0JB,1301.73564753004
Maltings Close,850000,House,1177,3,3,3,Barnes,London,SW13 0NL,722.1750212404418
Munster Road,1599950,House,1884,4,4,4,Fulham,London,SW6 5RF,849.2303609341826
Khyber Road,925000,Flat / Apartment,1321,2,2,2,Unknown,London,SW11 2PZ,700.2271006813021
Coles Court,650000,Flat / Apartment,869,3,3,3,Unknown,Battersea,SW11 3DU,747.9861910241657
Prince Of Wales Mansions,550000,Flat / Apartment,670,1,1,1,Unknown,London,SW11 4BG,820.8955223880597
Kersley Street,1850000,House,1910,5,5,5,Unknown,London,SW11 4PT,968.5863874345549
Battersea Bridge Road,525000,New development,590,1,1,1,Unknown,London,SW11 3AU,889.8305084745763
Larkhall Rise,2200000,House,2239,4,4,4,Unknown,London,SW4 6HS,982.5815096025011
Ashley Park Avenue,3450000,House,5599,6,6,6,Walton-on-Thames,Surrey,KT12 1EU,616.1814609751741
Carlisle Mansions,1999999,Flat / Apartment,1608,3,3,3, Victoria,London,SW1P 1EZ,1243.7804726368158
Park Close,725000,House,884,3,3,3,South Hackney,London,E9 7LF,820.1357466063348
Century Court,1750000,Flat / Apartment,1232,2,2,2,Grove End Road,London,NW8 9LD,1420.4545454545455
Eaton Square,5250000,Flat / Apartment,2299,3,3,3,Unknown,London,SW1W 9DF,2283.6015658982164
Hornsey Town Hall,1250000,New development,1307,3,3,3,Crouch End,London,N8 9JJ,956.388676358072
"The oTTo, Hackney",490000,New development,570,1,1,1, Downs Road,Clapton,E5 8DS,859.6491228070175
Francis House,3350000,Penthouse,2185,3,3,3,Coleridge Gardens,London,SW10 0RP,1533.1807780320366
Wendle Square,1000000,Flat / Apartment,1228,3,3,3,Battersea,London,SW11 4SS,814.3322475570033
Rectory Road,2350000,House,2511,4,4,4,Barnes,London,SW13 0DX,935.8821186778176
Thames Quay,2095000,Flat / Apartment,1528,3,3,3,Chelsea Harbour,London,SW10 0UY,1371.0732984293193
Prince Edward Mansions,1250000,Flat / Apartment,811,2,2,2, Bayswater,London,W2 4WA,1541.3070283600493
Harbut Road,735000,Flat / Apartment,969,2,2,2,Unknown,London,SW11 2RE,758.5139318885449
Chasefield Road,875000,House,1132,4,4,4,Tooting,London,SW17 8LW,772.9681978798586
Fernwood Avenue,1250000,House,2498,6,6,6,Unknown,London,SW16 1RD,500.40032025620496
Havilland Mews,595000,Flat / Apartment,643,2,2,2,Unknown,London,W12 8BG,925.3499222395023
Hampermill Lane,1675000,House,5022,3,3,3,Watford,Hertfordshire,WD19 4PL,333.53245718837115
Gatehill Road,2595000,House,4858,6,6,6,Northwood,Middlesex,HA6 3QF,534.1704405104981
St. Davids Mews,820000,House,974,3,3,3,Morgan Street,London,E3 5AZ,841.8891170431211
Chester Close South,830000,Flat / Apartment,850,2,2,2,Regent's Park,London,NW1 4JG,976.4705882352941
Lady Somerset Road,500000,Flat / Apartment,458,1,1,1,Kentish Town,London,NW5 1TX,1091.703056768559
Nicholas Way,2500000,House,5999,7,7,7,Northwood,Middlesex,HA6 2TR,416.7361226871145
Queens Grove,7500000,House,3851,6,6,6,St John's Wood,London,NW8 6EN,1947.5460919241755
Enmore Road,749950,Flat / Apartment,1382,3,3,3,Putney,London,SW15 6LL,542.6555716353112
The Chase,480000,Flat / Apartment,448,1,1,1,Unknown,London,SW4 0NP,1071.4285714285713
Weymouth Mews,3500000,House,1763,4,4,4,Marylebone,London,W1G 7EB,1985.2524106636415
Portland Place,2100000,Flat / Apartment,1208,3,3,3,Marylebone,London,W1B 1NX,1738.41059602649
Ternary Place,650000,New development,1023,2,2,2, Ealing,London,W5 3HJ,635.386119257087
Weston Park,1050000,House,1693,4,4,4,Thames Ditton,Surrey,KT7 0HQ,620.2008269344359
Lysias Road,1300000,House,1890,5,5,5,Unknown,London,SW12 8BW,687.8306878306878
Prince Henry Road,625000,House,1348,4,4,4,Kidbrooke,London,SE7 8PP,463.6498516320475
Kirby Street,625000,Flat / Apartment,540,1,1,1,Clerkenwell,London,EC1N 8TE,1157.4074074074074
Great Peter Street,1100000,New development,791,2,2,2,Westminster,London,SW1P 2BN,1390.6447534766119
Walton Street,5950000,House,2646,4,4,4,Unknown,London,SW3 1RE,2248.677248677249
Chatto Road,1325000,House,1375,4,4,4,Unknown,London,SW11 6LL,963.6363636363636
Redcliffe Square,1250000,Flat / Apartment,1068,2,2,2,Unknown,London,SW10 9JY,1170.4119850187267
Elm Park Lane,2300000,House,1119,3,3,3,Unknown,London,SW3 6DB,2055.406613047364
Fassett Square,1500000,House,1811,4,4,4,Hackney,London,E8 1DQ,828.2716731087796
Haverhill Road,1350000,House,1603,5,5,5,Unknown,London,SW12 0HD,842.170929507174
Duckman Tower,799995,Flat / Apartment,942,3,3,3, Canary Wharf,London,E14 9BL,849.2515923566879
St. Stephens Crescent,795000,Flat / Apartment,495,1,1,1,Unknown,London,W2 5QT,1606.060606060606
West Grove,525000,House,829,2,2,2,Woodford Green,Essex,IG8 7NP,633.2931242460796
Ackmar Road,2595000,House,2120,5,5,5,Fulham,London,SW6 4UP,1224.0566037735848
Romney House,820000,Flat / Apartment,631,2,2,2, Westminster,London,SW1P 3DS,1299.524564183835
Seymour Gardens,1200000,House,2108,4,4,4,Surbiton,Surrey,KT5 8QE,569.2599620493359
Sycamore Gardens,680000,Flat / Apartment,705,2,2,2,Unknown,London,W6 0AP,964.5390070921986
Quarrendon Street,2300000,House,1956,3,3,3,Unknown,London,SW6 3SU,1175.8691206543967
Meredyth Road,2300000,House,2083,5,5,5,Barnes,London,SW13 0DS,1104.1766682669227
Baronsmead Road,4000000,House,3714,5,5,5,Barnes,London,SW13 9RR,1077.0059235325793
Sisters Avenue,500000,Flat / Apartment,516,2,2,2,Unknown,London,SW11 5SQ,968.9922480620155
Warrington Gardens,1275000,Flat / Apartment,1185,3,3,3,Little Venice,London,W9 2PZ,1075.9493670886077
Pembroke Villas,4500000,House,2972,3,3,3,Unknown,London,W8 6PG,1514.1318977119784
North End Road,1750000,House,2125,4,4,4,Hampstead,London,NW11 7SY,823.5294117647059
Heath Hurst Road,2600000,House,2350,4,4,4,Hampstead,London,NW3 2RU,1106.3829787234042
Tercelet Terrace,3450000,House,2354,4,4,4, Hampstead,London,NW3 7LW,1465.590484282073
Kersley Street,2350000,House,2183,5,5,5,Unknown,London,SW11 4PR,1076.5002290426019
Buckingham Gate,2375000,Flat / Apartment,1218,2,2,2,St. James's,London,SW1E 6LB,1949.9178981937603
Camelot Close,1995000,House,1841,5,5,5,Wimbledon,London,SW19 7EA,1083.6501901140684
Clarendon Close,1000000,House,1154,4,4,4,South Hackney,London,E9 7BY,866.5511265164645
Klea Avenue,1795000,House,2314,5,5,5,Unknown,London,SW4 9HG,775.7130509939499
Manor Place Depot,687500,New development,1178,3,3,3,Unknown,London,SE17 3BD,583.616298811545
Molyneux Street,2450000,House,1483,3,3,3,Unknown,London,W1H 5HW,1652.0566419420095
Gatti House,3500000,Flat / Apartment,1770,2,2,2,410 Strand,London,WC2R 0NR,1977.4011299435028
Stanmore Way,1225000,New development,2487,5,5,5,Loughton,Essex,IG10 2SA,492.5613188580619
Thornhill Crescent,850000,Flat / Apartment,773,2,2,2,Barnsbury,London,N1 1BJ,1099.6119016817595
Belsize Square,780000,Flat / Apartment,654,2,2,2,Unknown,London,NW3 4HL,1192.6605504587155
Ditton Grove,399950,New development,697,2,2,2,Esher,Surrey,KT10 9FN,573.816355810617
Sylvan Gardens,1499950,House,2982,5,5,5,Surbiton,Surrey,KT6 6PP,503.0013413816231
Milton Road,900000,House,1081,3,3,3,Unknown,London,SW14 8JP,832.5624421831637
Drakefield Road,2500000,House,3986,6,6,6,Unknown,London,SW17 8RR,627.1951831409934
Chiswick High Road,575000,Flat / Apartment,773,2,2,2,Chiswick,London,W4 4AG,743.8551099611901
Bewick Street,1250000,House,1708,5,5,5,Unknown,London,SW8 3TA,731.8501170960187
Overstrand Mansions,1575000,Flat / Apartment,1580,3,3,3,Prince of Wales Drive,London,SW11 4EZ,996.8354430379746
Somerset Road,4750000,House,6602,6,6,6,Wimbledon,London,SW19 5JZ,719.4789457740079
Burleigh Place,1175000,House,1909,4,4,4,Putney,London,SW15 6ES,615.5055002619172
Smarts Lane,695000,House,1337,3,3,3,Loughton,Essex,IG10 4BU,519.8204936424831
Freshford Street,1200000,House,1771,4,4,4,Unknown,London,SW18 3TF,677.5832862789384
Ellerton Road,1700000,House,2374,5,5,5,Wandsworth,London,SW18 3NH,716.0909856781802
Ladbroke Crescent & Basement,1000000,House,2125,2,2,2,131 Ladbroke Grove,London,W11 1PS,470.5882352941176
Barts Square,1635000,New development,903,2,2,2, City Of London,London,EC1A 9DS,1810.6312292358805
Elizabeth Place,625000,Flat / Apartment,902,2,2,2, Esher,Surrey,KT10 8AP,692.9046563192904
Gleneldon Road,1850000,House,3753,6,6,6,Unknown,London,SW16 2BZ,492.93898214761526
Windsor Court,2400000,Flat / Apartment,1736,4,4,4, Bayswater,London,W2 4SN,1382.4884792626729
Southbank Place,1200000,New development,590,1,1,1, South Bank,London,SE1 7NJ,2033.8983050847457
The oTTo,785000,New development,1173,2,2,2, The Otto Buildings,Downs Road,E5 8DS,669.2242114236999
Haldane Road,1250000,House,1298,2,2,2,Unknown,London,SW6 7EU,963.020030816641
Chipstead Street,2300000,House,1912,3,3,3, Fulham,London,SW6 3SS,1202.928870292887
Ruxley Crescent,1800000,New development,3877,4,4,4, Esher,Surrey,KT10 0TX,464.27650245034823
Sydney House,1300000,Flat / Apartment,1465,3,3,3,Woodstock Road,London,W4 1DP,887.3720136518772
Waldemar Avenue,1750000,House,1580,4,4,4,Fulham,London,SW6 5NA,1107.5949367088608
Newstead Way,1495000,House,2300,4,4,4,Unknown,London,SW19 5HR,650.0
Crescent Road,1855000,House,2917,5,5,5,Kingston upon Thames,Surrey,KT2 7RD,635.9273225917038
Melody Road,1625000,House,1953,4,4,4,Unknown,London,SW18 2QF,832.0532514080901
Hasker Street,3150000,House,1449,3,3,3,Unknown,London,SW3 2LE,2173.913043478261
Spring Terrace,5250000,House,4745,7,7,7,Richmond,Surrey,TW9 1LW,1106.4278187565858
Montague Road,6000000,House,4798,6,6,6,Richmond,Surrey,TW10 6QW,1250.5210504376823
Fairfax Mews,1395000,House,1902,5,5,5,Putney,London,SW15 6FF,733.4384858044164
Fairacres,1385000,Flat / Apartment,2056,3,3,3, Putney,London,SW15 5LX,673.6381322957199
Clapham Common South Side,800000,Flat / Apartment,922,2,2,2,Unknown,London,SW4 9DX,867.6789587852495
Ormond Yard,3695000,House,2316,4,4,4,St James's,London,SW1Y 6JT,1595.4231433506045
Cadogan Square,2200000,Flat / Apartment,1195,2,2,2,Unknown,London,SW1X 0JL,1841.0041841004183
Cadogan Square,1175000,Flat / Apartment,687,2,2,2,Unknown,London,SW1X 0JL,1710.334788937409
Aubrey Walk,9500000,House,4815,5,5,5,Unknown,London,W8 7JG,1973.001038421599
Oakwood Court,3100000,Flat / Apartment,2470,4,4,4,Holland Park,London,W14 8JS,1255.0607287449393
Barnsbury Park,5500000,House,3674,4,4,4,Islington,London,N1 1HQ,1497.005988023952
Fieldsway House,925000,Flat / Apartment,1012,3,3,3, Highbury,London,N5 1QA,914.0316205533596
Long & Waterson Apartments,550000,Penthouse,414,1,1,1, Hackney,London,E2 8HN,1328.502415458937
Reliance Wharf,550000,Flat / Apartment,547,1,1,1,Hertford Road,London,N1 5ET,1005.4844606946983
Gayton Road,2400000,House,2202,5,5,5,Hampstead,London,NW3 1TU,1089.9182561307903
Ram Quarter,580000,New development,460,1,1,1, Wandsworth,London,SW18 1TH,1260.8695652173913
Grimston Road,2300000,House,2785,5,5,5,Fulham,London,SW6 3QR,825.8527827648115
Balham Grove,1200000,House,1270,3,3,3,Unknown,London,SW12 8BE,944.8818897637796
Fernside Road,1500000,House,1934,5,5,5,Unknown,London,SW12 8LH,775.5946225439503
Walsingham Place,2250000,House,2605,5,5,5,Unknown,London,SW4 9RR,863.7236084452975
Englewood Road,1500000,House,2047,4,4,4,Unknown,London,SW12 9NZ,732.7796775769418
Streathbourne Road,2150000,House,2850,5,5,5,Unknown,London,SW17 8RA,754.3859649122807
Rowfant Road,1595000,House,2555,6,6,6,Unknown,London,SW17 7AP,624.26614481409
Tantallon Road,1565000,House,2088,5,5,5,Unknown,London,SW12 8DH,749.5210727969348
Honeybrook Road,1500000,House,2173,5,5,5,Unknown,London,SW12 0DL,690.2899217671422
Fenn Mansions,400000,Flat / Apartment,774,2,2,2,20 Love Lane,London,SE18 6GY,516.795865633075
New Providence Wharf,415000,Flat / Apartment,525,1,1,1, Canary Wharf,London,E14 9PW,790.4761904761905
Enclave Court,1395000,Penthouse,1230,2,2,2,2 Dallington Street,London,EC1V 0BH,1134.1463414634147
Fairfax Road,2800000,House,2734,6,6,6, Chiswick,London,W4 1EN,1024.140453547915
Redcliffe Gardens,1195000,Flat / Apartment,872,2,2,2,Chelsea,London,SW10 9HA,1370.4128440366972
Drayton Court,2750000,Flat / Apartment,1839,4,4,4,Drayton Gardens,London,SW10 9RH,1495.377922784122
Lower Mall,6950000,House,5501,6,6,6,Hammersmith,London,W6 9DJ,1263.406653335757
Albert Bridge Road,2750000,House,2675,4,4,4,Battersea,London,SW11 4PX,1028.03738317757
Ridgway,525000,Flat / Apartment,514,2,2,2,Wimbledon,London,SW19 4SX,1021.4007782101168
Lowndes Square,5450000,Flat / Apartment,1920,3,3,3,Unknown,London,SW1X 9HB,2838.5416666666665
Basilica Mews,2325000,New development,2392,4,4,4,Unknown,Thurleigh Road,SW12 8UF,971.989966555184
Devonshire Mews South,3750000,House,3256,3,3,3,Marylebone,London,W1G 6QW,1151.7199017199018
Ovington Gardens,1750000,Flat / Apartment,714,2,2,2,Unknown,London,SW3 1LS,2450.9803921568628
Cubitt Building,750000,Flat / Apartment,604,1,1,1, Chelsea,London,SW1W 8QL,1241.7218543046358
Iverna Court,3150000,Flat / Apartment,1755,4,4,4,Unknown,London,W8 6TS,1794.871794871795
Selborne Villas,1150000,House,2357,4,4,4, Esher,Surrey,KT10 9UD,487.90835808230804
Waleorde Road,575000,Flat / Apartment,800,2,2,2,Unknown,London,SE17 1GG,718.75
Louisville Road,1250000,House,2475,6,6,6,Unknown,London,SW17 8RU,505.050505050505
Langroyd Road,1150000,House,1703,4,4,4,Unknown,London,SW17 7PL,675.2789195537288
Dance Square,650000,Flat / Apartment,584,1,1,1, Clerkenwell,London,EC1V 3AN,1113.013698630137
Cranbrook Road,1295000,House,1356,4,4,4,Chiswick,London,W4 2LH,955.0147492625368
Buer Road,765000,Flat / Apartment,1362,3,3,3, Fulham,London,SW6 4LA,561.6740088105727
Lillian Road,1100000,House,1420,3,3,3,Barnes,London,SW13 9JF,774.6478873239437
Ranelagh Avenue,2350000,House,2153,4,4,4,Barnes,London,SW13 0BL,1091.500232234092
Hillbrook Road,965000,House,1222,4,4,4,Tooting Bec,London,SW17  8SF,789.6890343698855
Weller Court,1750000,Flat / Apartment,732,1,1,1, Holland Park,London,W11 3NT,2390.710382513661
"The oTTo, Hackney",800000,New development,1119,2,2,2, Clapton,E5 8DE,E5 8DS,714.9240393208222
The Grange,1050000,House,2375,5,5,5, Walton-on-Thames,Surrey,KT12 3HN,442.10526315789474
Stuart Tower,475000,Flat / Apartment,525,1,1,1,105 Maida Vale,London,W9 1UJ,904.7619047619048
Abbey Road Cross,752500,New development,874,2,2,2,131-143 Belsize Road,London,NW6 4BR,860.9839816933638
Ardleigh Road,1399950,House,1748,4,4,4,Unknown,De Beauvoir,N1 4FA,800.8867276887872
Littleworth Avenue,2795000,House,6061,7,7,7,Esher,Surrey,KT10 9PB,461.1450255733377
Ruxley Crescent,1750000,New development,3913,4,4,4, Esher,Surrey,KT10 0TX,447.2271914132379
Clapham Common West Side,2995000,House,3406,5,5,5,Between The Commons,London,SW4 9AU,879.3305930710511
Parkfield Avenue,1825000,House,2500,5,5,5,Unknown,London,SW14 8DY,730.0
Sutherland House,550000,Flat / Apartment,609,2,2,2,137-139 Queenstown Road,London,SW8 3RJ,903.11986863711
Hambalt Road,1850000,House,2516,5,5,5,Unknown,London,SW4 9EL,735.2941176470588
Ormond House,625000,Flat / Apartment,428,1,1,1, Westminster,London,SW1P 2TB,1460.2803738317757
Buckingham Gate,2290000,Flat / Apartment,1604,2,2,2,St. James's,London,SW1E 6LB,1427.6807980049875
Radnor Walk,3450000,House,1820,5,5,5,Chelsea,London,SW3 4BN,1895.6043956043957
King Henrys Road,995000,Flat / Apartment,710,2,2,2,Primrose Hill,London,NW3 3QR,1401.4084507042253
ICON7,450000,New development,538,1,1,1, Holloway,London,N7 0JN,836.4312267657992
Montgomery Road,850000,Flat / Apartment,935,2,2,2,Chiswick,London,W4 5LZ,909.0909090909091
Carlton Mansions,975000,Flat / Apartment,950,2,2,2, Maida Vale,London,W9 1NP,1026.3157894736842
Palace Gardens Terrace,1850000,Flat / Apartment,924,3,3,3,Unknown,London,W8 4SA,2002.1645021645022
Acer Road,940000,House,1074,3,3,3,Hackney,London,E8 3GX,875.2327746741155
Corkran Road,1595000,House,3261,5,5,5,Surbiton,Surrey,KT6 6PN,489.11376878258204
Grosvenor Avenue,1275000,House,1779,4,4,4,Unknown,London,SW14 8BT,716.6947723440135
Enmore Gardens,1325000,House,1541,4,4,4,Unknown,London,SW14 8RF,859.8312783906554
Oxhey Road,850000,House,1687,4,4,4,Oxhey,Hertfordshire,WD19 4QG,503.85299347954947
Grandison Road,865000,Flat / Apartment,880,2,2,2,Unknown,London,SW11 6LN,982.9545454545455
Lavender Sweep,650000,Flat / Apartment,859,2,2,2,Unknown,London,SW11 1EA,756.6938300349243
Hollandgreen Place,3500000,New development,1577,2,2,2,Unknown,London,W8 6AX,2219.403931515536
Horsell Road,1695000,House,1944,5,5,5,Highbury,London,N5 1XP,871.9135802469136
Avon Court,399995,Flat / Apartment,472,1,1,1, Canary Wharf,London,E14 7SZ,847.4470338983051
Castelnau,5750000,House,4682,6,6,6,Barnes,London,SW13 9EU,1228.1076463049978
Lower Belgrave Street,4650000,House,2865,4,4,4,Belgravia,London,SW1W 0LN,1623.0366492146597
Donne Place,2800000,House,1448,3,3,3,Unknown,London,SW3 2NH,1933.7016574585634
Oakley Road,1100000,Flat / Apartment,1056,3,3,3,Unknown,London,N1 3LL,1041.6666666666667
Goldhurst House,2650000,Flat / Apartment,1811,3,3,3, Parr's Way,London,W6 9AN,1463.2799558255108
Telford Avenue,1575000,House,2550,5,5,5,Unknown,London,SW2 4XL,617.6470588235294
Mandeville Courtyard,525000,Flat / Apartment,775,1,1,1,142 Battersea Park Road,London,SW11 4NB,677.4193548387096
Tufton Street,1650000,Flat / Apartment,1099,2,2,2,Westminster,London,SW1P 3AF,1501.3648771610556
Colosseum Terrace,850000,Flat / Apartment,726,2,2,2,Albany Street,London,NW1 4EB,1170.7988980716254
Rede Place,2700000,House,1791,3,3,3,Notting Hill,London,W2 4TU,1507.537688442211
Tennyson Road,695000,House,795,2,2,2,Wimbledon,London,SW19 8SH,874.2138364779875
Coleford Road,1400000,House,1799,4,4,4,London,Wandsworth,SW18 1AD,778.2101167315175
St. Anns Terrace,2050000,House,1293,3,3,3,St John's Wood,London,NW8 6PJ,1585.460170146945
Durward Street,615000,Flat / Apartment,972,2,2,2,Whitechapel,London,E1 5BA,632.716049382716
Fairacres,1000000,Flat / Apartment,1777,3,3,3, Putney,London,SW15 5LX,562.7462014631401
Clapham Park Road,315000,Flat / Apartment,526,1,1,1,Unknown,London,SW4 7EX,598.8593155893536
Moore House,1850000,New development,1328,3,3,3,2 Gatliff Road,London,SW1W 8DT,1393.0722891566265
Graham Terrace,2895000,House,1289,3,3,3,Unknown,London,SW1W 8HN,2245.9270752521334
Whiston House,450000,Flat / Apartment,459,1,1,1,Bingham Court,London,N1 2DH,980.3921568627451
Grand Avenue,500000,House,963,2,2,2,Surbiton,Surrey,KT5 9HU,519.2107995846313
Tooting Bec Road,675000,Flat / Apartment,949,2,2,2,Unknown,London,SW17 8BW,711.2750263435195
Dance Square,650000,Flat / Apartment,583,1,1,1,Peartree Street,Clerkenwell,EC1V 3AN,1114.9228130360207
Flanders Road,1395000,House,1068,1,1,1,Chiswick,London,W4 1NB,1306.1797752808989
The Spinney,2395000,House,4966,5,5,5, Oxshott,Surrey,KT22 0PL,482.2795006041079
Astley House,725000,Flat / Apartment,858,3,3,3,42 Trinity Church Road,London,SW13 8EA,844.988344988345
Suffolk Road,2000000,House,2525,4,4,4,Barnes,London,SW13 9PH,792.0792079207921
Shorrolds Road,625000,Flat / Apartment,664,2,2,2,Unknown,London,SW6 7TP,941.2650602409639
Raynham Road,1350000,House,1328,3,3,3,Brackenbury Village,London,W6 0HY,1016.566265060241
Henning Street,2100000,House,2191,4,4,4,Battersea,London,SW11 3DR,958.4664536741215
The Mount,3650000,House,8034,6,6,6,Esher,Surrey,KT10 8LQ,454.319143639532
Palewell Park,1850000,House,1892,4,4,4,Unknown,London,SW14 8JJ,977.8012684989429
Cranbourne Court,1500000,Flat / Apartment,1132,3,3,3,Albert Bridge Road,London,SW11 4PE,1325.0883392226149
Rothwell Street,3625000,House,2190,4,4,4,Primrose Hill,London,NW1 8YH,1655.2511415525114
New Concordia Wharf,1500000,Flat / Apartment,1274,2,2,2,Mill Street,London,SE1 2BB,1177.3940345368917
Castelnau,525000,Flat / Apartment,630,2,2,2,Barnes,London,SW13 9ER,833.3333333333334
Banbury House,290000,Flat / Apartment,455,1,1,1,Banbury Road,London,E9 7ED,637.3626373626373
Putney Heath Lane,1725000,House,2931,5,5,5,Putney,London,SW15 3JG,588.5363357215967
Rydon Street,1395000,House,1510,3,3,3,Islington,London,N1 7AL,923.841059602649
Aragon Tower,400000,Flat / Apartment,705,2,2,2,George Beard Road,Deptford,SE8 3AL,567.3758865248227
Cadogan Lane,3350000,House,1504,3,3,3,Unknown,London,SW1X 9DU,2227.3936170212764
Cedar Mews,1795000,House,2067,4,4,4, Putney,London,SW15 6ED,868.4083212385099
Tormead,600000,Flat / Apartment,1160,2,2,2, Northwood,Middlesex,HA6 2BX,517.2413793103449
Kent Avenue,1500000,House,1997,4,4,4,Ealing,London,W13 8BH,751.1266900350525
Trefoil Road,1600000,House,2149,4,4,4,Wandsworth,London,SW18 2EQ,744.5323406235458
Thirlmere Road,1550000,House,3620,7,7,7,Unknown,London,SW16 1QW,428.1767955801105
The Regency,1325000,Flat / Apartment,1195,3,3,3, Westminster,London,SW1P 4HD,1108.7866108786611
Murray Mews,1395000,House,1587,3,3,3,Camden,London,NW1 9RJ,879.0170132325142
Wilmington Square,735000,Flat / Apartment,849,2,2,2,Unknown,London,WC1X 0ER,865.7243816254417
Lynwood Road,825000,House,2094,4,4,4,Thames Ditton,Surrey,KT7 0DJ,393.98280802292265
Telfords Yard,1500000,Flat / Apartment,2550,3,3,3,Unknown,London,E1W 2BQ,588.2352941176471
Landmark East Tower,679000,Flat / Apartment,832,2,2,2, Canary Wharf,London,E14 9DB,816.1057692307693
Stanley Mansions,1500000,Flat / Apartment,1244,3,3,3,Park Walk,London,SW10 0AG,1205.7877813504824
Ducks Hill Road,1000000,New development,1501,3,3,3,Northwood,Middlesex,HA6 2SB,666.2225183211193
Blomfield Road,4995000,House,3035,4,4,4,Little Venice,London,W9 2PF,1645.7990115321252
Wadham Road,1350000,House,1604,4,4,4,Putney,London,SW15 2LS,841.645885286783
Bingfield Street,625000,New development,723,2,2,2,Unknown,London,N1 0BH,864.4536652835408
Orsman Road,600000,Flat / Apartment,660,2,2,2,Hackney,London,N1 5QL,909.0909090909091
Cinnabar Wharf East,875000,Flat / Apartment,627,1,1,1,28 Wapping High Street,London,E1W 1NG,1395.5342902711325
Boardwalk Place,565000,Flat / Apartment,872,2,2,2,Canary Wharf,London,E14 5SH,647.9357798165138
Carlyle Square,5850000,House,3128,5,5,5,Unknown,London,SW3 6EX,1870.2046035805627
Burlington Lodge Studios,1250000,Flat / Apartment,1201,2,2,2,48 Rigault Road,London,SW6 4JJ,1040.7993338884264
Overstrand Mansions,1800000,Flat / Apartment,1453,3,3,3,Prince of Wales Drive,London,SW11 4HA,1238.8162422573985
Eden House,1495000,New development,1781,4,4,4,New Road,London,N8 8TA,839.4160583941606
Craven Gardens,1050000,Flat / Apartment,1831,3,3,3,Wimbledon,London,SW19 8LU,573.4571272528673
Leopold Road,1850000,House,2503,5,5,5,Wimbledon,London,SW19 7JG,739.1130643228126
Queensland Road,730000,Flat / Apartment,1061,3,3,3,Unknown,London,N7 7FF,688.0301602262017
St. Marys Road,2900000,House,5896,7,7,7, Surbiton,Surrey,KT6 5EY,491.85888738127545
Rowfant Road,650000,Flat / Apartment,736,2,2,2,Unknown,London,SW17 7AP,883.1521739130435
Cleveland Gardens,2100000,House,2438,5,5,5,Barnes,London,SW13 0AJ,861.3617719442166
Elm Bank Gardens,2250000,House,2600,5,5,5,Barnes,London,SW13 0NT,865.3846153846154
Belleville Road,1695000,House,1867,5,5,5,Unknown,London,SW11 6QT,907.8735940010712
Cottenham Park Road,1375000,House,1884,4,4,4,Wimbledon,London,SW20 0SB,729.8301486199575
Barmouth Road,1400000,House,2138,5,5,5,Wandsworth,London,SW18 2DT,654.8175865294668
St. Stephen's Gardens,635000,Flat / Apartment,927,2,2,2,Putney,London,SW15 2RR,685.0053937432579
Upper St. Martin's Lane,2995000,Penthouse,1845,3,3,3,Unknown,London,WC2H 9DL,1623.3062330623306
Egerton Gardens,1000000,House,1758,4,4,4,Unknown,Ealing,W13 8HQ,568.8282138794084
Alpine Grove,449950,Flat / Apartment,526,2,2,2,South Hackney,London,E9 7SX,855.4182509505704
Townshend Court,425000,Flat / Apartment,474,1,1,1,Shannon Place,London,NW8 7DP,896.6244725738396
High Road,650000,House,1783,3,3,3, Coulsdon,Surrey,CR5 3SD,364.55412226584406
Parkfields,1795000,House,1902,3,3,3,Putney,London,SW15 6NH,943.7434279705573
Fitzroy Road,1600000,Flat / Apartment,801,2,2,2,Primrose Hill,London,NW1 8TU,1997.5031210986267
The Lodge,1750000,Flat / Apartment,1002,3,3,3,Kensington Park Gardens,London,W11 3HA,1746.506986027944
Culmstock Road,2050000,House,2275,5,5,5,Unknown,London,SW11 6LX,901.0989010989011
Mallinson Road,1150000,Flat / Apartment,1371,3,3,3,Unknown,London,SW11 1BW,838.8037928519329
South Terrace,995000,House,2446,5,5,5,Unknown,London,SW7 2TB,406.78659035159444
Douglas Road,1900000,House,1703,5,5,5,Islington,London,N1 2LD,1115.6782149148562
Union Wharf,675000,Flat / Apartment,792,1,1,1,23 Wenlock Road,London,N1 7SJ,852.2727272727273
Long & Waterson Apartments,1500000,New development,1273,3,3,3, Hackney,London,E2 8HN,1178.318931657502
ICON7,620000,New development,786,2,2,2, Holloway,London,N7 0JN,788.8040712468194
Branch Place,650000,Flat / Apartment,747,2,2,2,De Beauvoir,London,N1 5PH,870.1472556894244
Hermitage Court,500000,Flat / Apartment,663,1,1,1,Knighten Street,London,E1W 1PW,754.1478129713424
Kirkstall Road,1395000,House,2006,5,5,5,Unknown,London,SW2 4HF,695.4137587238286
St. Peters Square,2950000,House,3597,4,4,4,Unknown,London,W6 9AJ,820.1278843480678
Carlton House,765000,New development,841,2,2,2,Carlton Drive,London,SW15 2BS,909.6313912009513
Cleveland Gardens,1600000,House,1854,4,4,4,Barnes,London,SW13 0AH,862.9989212513484
Abercrombie Street,975000,House,1126,3,3,3,Unknown,London,SW11 2JB,865.8969804618117
Juer Street,1699999,House,2119,5,5,5,Battersea,London,SW11 4RF,802.2647475224162
Foxmore Street,950000,Flat / Apartment,1294,4,4,4,Battersea,London,SW11 4PU,734.1576506955178
Southwick Mews,2150000,House,1582,3,3,3,Paddington,London,W2 1JG,1359.039190897598
Pall Mall,2950000,Penthouse,1840,2,2,2,St James's,London,SW1Y 5JH,1603.2608695652175
Britannia Road,1500000,House,1115,3,3,3,Fulham,London,SW6 2HJ,1345.2914798206277
Tradewinds Court,650000,Flat / Apartment,882,2,2,2,Asher Way,London,E1W 2JB,736.9614512471655
Sunnyhill Road,950000,House,1700,4,4,4,Unknown,London,SW16 2UW,558.8235294117648
Tantallon Road,625000,Flat / Apartment,663,2,2,2,Unknown,London,SW12 8DG,942.684766214178
Leys Road,4825000,House,10475,7,7,7,Oxshott,Surrey,KT22 0QE,460.62052505966585
Lillian Road,1575000,House,1983,4,4,4,Barnes,London,SW13 9JG,794.251134644478
Christchurch Street,2550000,House,1266,3,3,3,Unknown,London,SW3 4AR,2014.218009478673
Abercrombie Street,525000,Flat / Apartment,707,2,2,2,Battersea,London,SW11 2JB,742.5742574257425
Rutland Road,775000,Flat / Apartment,967,2,2,2,South Hackney,London,E9 7TT,801.4477766287487
Ruvigny Gardens,3250000,House,2210,3,3,3,Putney,London,SW15 1JR,1470.5882352941176
Hazelwood Drive,775000,Bungalow,1459,4,4,4,Pinner,Middlesex,HA5 3TT,531.1857436600411
Roseneath Road,1775000,House,2153,5,5,5,Unknown,London,SW11 6AQ,824.4310264746865
Eton Avenue,3250000,House,2543,5,5,5,Hampstead,London,NW3 3HL,1278.0180888714117
Drapers Court,700000,Flat / Apartment,797,2,2,2,59 Lurline Gardens,London,SW11 4DF,878.2936010037641
Creffield Road,595000,Flat / Apartment,760,2,2,2,Unknown,London,W5 3RP,782.8947368421053
Oakhill Road,525000,Flat / Apartment,540,1,1,1,Putney,London,SW15 2QU,972.2222222222222
Conway Road,2450000,House,3007,6,6,6,Wimbledon,London,SW20 8PA,814.7655470568673
Henfield Road,550000,House,538,2,2,2,Wimbledon,London,SW19 3HH,1022.3048327137546
West Side Common,3950000,House,6186,6,6,6,Wimbledon,London,SW19 4UF,638.5386356288393
Melody Road,600000,Flat / Apartment,1024,1,1,1,Unknown,London,SW18 2QF,585.9375
Fullerton Road,1450000,House,1984,5,5,5, Wandsworth,London,SW18 1BX,730.8467741935484
Eaton Row,5750000,House,2896,3,3,3,Belgravia,London,SW1W 0JA,1985.4972375690609
Rutland Gardens,7500000,Flat / Apartment,1793,2,2,2,Unknown,London,SW7 1BX,4182.933630786391
Park View Court,180000,Flat / Apartment,745,2,2,2, Bow,London,E3 3AN,241.61073825503357
Paxton Close,699950,House,909,3,3,3,Richmond,Surrey,TW9 2AW,770.0220022002201
Hardwicke House,665000,Flat / Apartment,935,3,3,3, Richmond,Surrey,TW10 6PW,711.2299465240642
Westminster Close,1550000,House,3112,5,5,5,Northwood,Middlesex,HA6 2TG,498.0719794344473
Church Road,865000,House,1292,3,3,3,Unknown,Northwood,HA6 1AR,669.5046439628483
Upper Grosvenor Street,18000000,House,8315,7,7,7,Mayfair,London,W1K 2NP,2164.7624774503906
Barclay Oval,1100000,House,3153,5,5,5,Woodford Green,Essex,IG8 0PP,348.8740881699968
Thornhill Crescent,2850000,House,2857,5,5,5,Islington,London,N1 1BJ,997.5498774938746
Ripplevale Grove,1150000,Flat / Apartment,1074,3,3,3,Islington,London,N1 1HT,1070.7635009310986
Long & Waterson Apartments,550000,Penthouse,414,1,1,1, Hackney,London,E2 8HN,1328.502415458937
Long & Waterson Apartments,690000,New development,596,1,1,1, Hackney,London,E2 8HN,1157.7181208053692
Ardwick Road,995000,Flat / Apartment,999,2,2,2,Fortune Green,London,NW2 2BX,995.9959959959959
Waynflete House,575000,Penthouse,1029,3,3,3, Esher,Surrey,KT10 9QS,558.7949465500486
94 Claygate,334950,Flat / Apartment,477,1,1,1, Claygate,Surrey,KT10 0RB,702.2012578616352
Carlton House,1000000,Penthouse,962,2,2,2,Putney,London,SW15 2FU,1039.5010395010395
Queens Road,750000,House,1510,3,3,3,Thames Ditton,Surrey,KT7 0QX,496.6887417218543
Southborough Road,2100000,New development,3596,5,5,5,Surbiton,Surrey,KT6 6JN,583.9822024471636
Pavilion Park,1299000,New development,1903,4,4,4, East Molesey,Surrey,KT8 9DX,682.6064109301103
York Avenue,1900000,House,2358,4,4,4,Unknown,London,SW14 7LQ,805.7675996607294
Sutherland Gardens,1295000,House,1813,4,4,4,East Sheen,London,SW14 8DB,714.2857142857143
Turnstone House,1280000,Flat / Apartment,1169,2,2,2,Star Place,London,E1W 1AE,1094.9529512403765
St. Marys Grove,1425000,House,2028,4,4,4, Chiswick,London,W4 3LL,702.6627218934912
Stanton Road,1795000,House,1720,4,4,4,Barnes,London,SW13 0EX,1043.6046511627908
Afghan Road,1125000,House,1423,4,4,4,Battersea,London,SW11 2QD,790.5832747716092
Old Chesterton Building,945000,Flat / Apartment,1001,2,2,2,110 Battersea Park Road,London,SW11 4LZ,944.0559440559441
Kersley Street,3150000,House,2809,5,5,5,Battersea,London,SW11 4PR,1121.3955144179424
Grosvenor Avenue,699950,Flat / Apartment,920,2,2,2,Highbury,London,N5 2NP,760.8152173913044
Speldhurst Road,1275000,House,1420,4,4,4,Chiswick,London,W4 1BY,897.887323943662
Lamont Road,3750000,House,2428,3,3,3,Unknown,London,SW10 0HX,1544.4810543657331
Mortimer Court,460000,Flat / Apartment,431,1,1,1,Abbey Road,London,NW8 9AB,1067.2853828306265
Cavendish Avenue,6795000,House,4637,6,6,6,St John's Wood,London,NW8 9JE,1465.3871037308604
Bangalore Street,1695000,House,2096,4,4,4,Putney,London,SW15 1QD,808.6832061068702
Hilltop,1050000,House,2254,5,5,5,Loughton,Essex,IG10 1PX,465.83850931677017
Egerton Crescent,15950000,House,4090,4,4,4,Unknown,London,SW3 2ED,3899.755501222494
Cruikshank Street,900000,Flat / Apartment,769,2,2,2,Grays Inn,London,WC1X 9HF,1170.3511053315995
Gledhow Gardens,6950000,Flat / Apartment,3001,4,4,4,Unknown,London,SW5 0AY,2315.894701766078
Elm Bank Mansions,1200000,Flat / Apartment,1155,3,3,3, Barnes,London,SW13 0NS,1038.9610389610389
Coleraine Road,399995,Flat / Apartment,990,3,3,3,Unknown,Blackheath,SE3 7PE,404.0353535353535
Queen Anne Road,1100000,House,1607,4,4,4,South Hackney,London,E9 7AH,684.5052893590541
Paintworks,650000,New development,646,2,2,2,Kingsland Road,London,E2 8AG,1006.1919504643963
West Temple Sheen,2950000,House,3716,5,5,5,East Sheen,London,SW14 7AP,793.8643702906351
Rowditch Lane,600000,House,953,3,3,3,Unknown,London,SW11 5BX,629.5907660020987
Holmead Road,2450000,House,2313,4,4,4, Fulham,London,SW6 2JE,1059.2304366623432
Huguenot Place,775000,Flat / Apartment,939,2,2,2,Unknown,London,SW18 2EN,825.346112886049
Addison House,625000,Flat / Apartment,652,2,2,2, St John's Wood,London,NW8 9EL,958.5889570552147
St. Johns Wood Terrace,2350000,House,1519,4,4,4,St John's Wood,London,NW8 6JJ,1547.0704410796577
Wimbolt Street,1999995,House,1935,5,5,5,Shoreditch,London,E2 7BX,1033.5891472868218
Belgrave Mews North,2250000,House,1299,3,3,3,Unknown,London,SW1X 8RS,1732.1016166281754
Church Road,550000,Flat / Apartment,582,2,2,2,Richmond,Surrey,TW9 1UA,945.0171821305842
St. Augustines Road,499000,Flat / Apartment,451,1,1,1,Camden,London,NW1 9RN,1106.430155210643
St. John's Hill,850000,Flat / Apartment,1339,3,3,3,Unknown,London,SW11 1TH,634.8020911127708
Regents Drive,950000,House,1857,4,4,4,Woodford Green,Essex,IG8 8RZ,511.57781367797526
Piercing Hill,799999,House,1507,4,4,4, Epping,Essex,CM16 7JN,530.8553417385534
Bourne Street,2500000,House,1340,3,3,3,Unknown,London,SW1W 8JR,1865.6716417910447
Eaton Terrace,6450000,House,3336,5,5,5,Belgravia,London,SW1W 8EZ,1933.453237410072
Palace Court,2250000,Penthouse,1765,2,2,2,Unknown,London,W2 4HU,1274.7875354107648
Iverna Gardens,2500000,Flat / Apartment,1752,3,3,3,Unknown,London,W8 6TW,1426.9406392694063
City North East Tower,475000,New development,560,1,1,1,3 City North Place,London,N4 3FQ,848.2142857142857
ICON7,560000,New development,657,2,2,2, Holloway,London,N7 0JN,852.3592085235921
ICON7,610000,New development,758,2,2,2, Holloway,London,N7 0JN,804.7493403693932
ICON7,600000,New development,758,2,2,2, Holloway,London,N7 0JN,791.5567282321899
Octavia House,615000,Flat / Apartment,797,1,1,1,Imperial Wharf,Fulham,SW6 2FH,771.6436637390213
Gloucester House,625000,Flat / Apartment,960,2,2,2, Sheen Road,Richmond,TW10 5BB,651.0416666666666
Entwistle Terrace,600000,Flat / Apartment,658,1,1,1,St. Peters Square,London,W6 9AW,911.854103343465
Rutherford House,650000,Flat / Apartment,848,2,2,2, Battersea,London,SW11 4BT,766.5094339622641
Evelyn Road,1285000,House,1476,3,3,3,Richmond,Surrey,TW9 2TF,870.5962059620596
Oakford Road,1795000,House,1824,5,5,5,Kentish Town,London,NW5 1AJ,984.1008771929825
Walham Grove,825000,Flat / Apartment,843,2,2,2,Fulham,London,SW6 1QR,978.6476868327402
Killieser Avenue,2350000,House,3180,6,6,6,Unknown,London,SW2 4NX,738.9937106918239
Underwood Street,2350000,Flat / Apartment,2577,3,3,3,Old Street,London,N1 7LG,911.9130772215755
Emperors Gate,2500000,Flat / Apartment,1498,2,2,2,Unknown,London,SW7 4JA,1668.8918558077437
Stapleton Road,675000,Flat / Apartment,946,3,3,3,Unknown,London,SW17 8AY,713.5306553911205
Stokesheath Road,4650000,House,7996,6,6,6,Oxshott,Surrey,KT22 0PN,581.5407703851926
Tile Kiln Lane,1695000,House,6356,6,6,6, Uxbridge,Middlesex,UB9 6LU,266.67715544367525
Old Town,1050000,Flat / Apartment,976,2,2,2,Unknown,The Metal Works,SW4 0JT,1075.8196721311476
Atina Court,1200000,Flat / Apartment,932,2,2,2, Belsize Park,London,NW3 4UR,1287.5536480686694
Fulham Palace Road,625000,Flat / Apartment,663,2,2,2,Unknown,London,SW6 6TA,942.684766214178
Cottimore Avenue,649950,House,1378,4,4,4,Walton-on-Thames,Surrey,KT12 2AE,471.6618287373004
Voltaire Buildings,450000,Flat / Apartment,600,2,2,2,330 Garratt Lane,London,SW18 4FR,750.0
Chipstead Street,3450000,House,3070,5,5,5,Fulham,London,SW6 3SR,1123.7785016286646
Cambridge Street,995000,Flat / Apartment,908,2,2,2,Pimlico,London,SW1V 4QE,1095.8149779735684
Arthur Road,795000,Flat / Apartment,1536,3,3,3,Wimbledon,London,SW19 7DN,517.578125
Cromwell Road,1775000,House,2336,5,5,5,Wimbledon,London,SW19 8LF,759.8458904109589
Burwood Park Road,1295000,House,2371,5,5,5, Walton-on-Thames,Surrey,KT12 5LJ,546.1830451286377
Forge Lane,975000,House,1201,3,3,3,Richmond,Surrey,TW10 7BF,811.8234804329725
High Oaks Close,1100000,House,3185,5,5,5,Coulsdon,Surrey,CR5 3EZ,345.3689167974882
Roskell Road,549950,Flat / Apartment,730,1,1,1,Putney,London,SW15 1DS,753.3561643835617
Clarendon Gardens,2600000,Flat / Apartment,1779,3,3,3,Little Venice,London,W9 1AZ,1461.495222034851
Turpins Lane,700000,House,1441,4,4,4,Woodford Green,Essex,IG8 8AZ,485.7737682165163
Pavilion Road,3950000,House,1917,1,1,1,Knightsbridge,London,SW1X 0AX,2060.511215440793
Islington,1500000,House,1666,3,3,3,Unknown,London,N7 8LS,900.3601440576231
Elwood Street,1350000,House,1629,4,4,4,Highbury,London,N5 1EH,828.7292817679559
Northchurch Road,900000,Flat / Apartment,1069,2,2,2,Unknown,London,N1 3NU,841.9083255378858
Ellington Street,2750000,House,2500,5,5,5,Islington,London,N7 8PN,1100.0
Tollington Way,699500,New development,990,2,2,2, London,N7 6QX,N7 6RG,706.5656565656566
Well Walk,799950,Flat / Apartment,770,2,2,2,Hampstead,London,NW3 1LD,1038.8961038961038
Irene Road,2895000,House,2730,5,5,5, Fulham,London,SW6 4AL,1060.4395604395604
Melbourne Mansions,799950,Flat / Apartment,940,3,3,3,Queens Club Gardens,London,W14 9SF,851.0106382978723
Wandsworth Bridge Road,2250000,House,2949,6,6,6,Fulham,London,SW6 2TB,762.970498474059
Trystings Close,1125000,House,2495,5,5,5, Esher,Surrey,KT10 0TF,450.90180360721445
Lillie Square East,2020000,New development,1262,3,3,3, Earls Court,London,SW6 1UE,1600.633914421553
Graveney Road,975000,House,1308,4,4,4,Tooting,London,SW17 0EG,745.4128440366973
Louisville Road,1595000,House,2790,6,6,6,Unknown,London,SW17 8RN,571.68458781362
Merino Court,850000,Flat / Apartment,978,3,3,3, Clerkenwell,London,EC1V 8BG,869.120654396728
Westville Road,570000,Flat / Apartment,682,2,2,2,Unknown,London,W12 9BD,835.7771260997067
North Road,2400000,House,2411,4,4,4,Highgate,London,N6 4AA,995.4375777685608
Jubilee Court,475000,Flat / Apartment,496,1,1,1, Greenwich,London,SE10 9FJ,957.6612903225806
Onslow Road,800000,Flat / Apartment,734,2,2,2,Richmond,Surrey,TW10 6QH,1089.9182561307903
Old Oak Avenue,950000,House,3006,5,5,5, Coulsdon,Surrey,CR5 3PG,316.0345974717232
Roehampton High Street,1200000,House,1934,4,4,4,Putney,London,SW15 4HH,620.4756980351602
Arthur Road,3250000,House,4370,6,6,6,Wimbledon,London,SW19 7DP,743.7070938215103
Gibson Square,2375000,House,2153,3,3,3,Islington,London,N1 0RD,1103.111936832327
Eamont Court,650000,Flat / Apartment,595,2,2,2,Shannon Place,London,NW8 7DN,1092.436974789916
Disraeli Road,1295000,House,876,4,4,4,Putney,London,SW15 2DS,1478.310502283105
Quill Lane,1000000,House,905,2,2,2,Putney,London,SW15 1PD,1104.9723756906078
York Mansions,1885000,Flat / Apartment,1675,4,4,4,Prince of Wales Drive,London,SW11 4DL,1125.3731343283582
Thornton Hill,635000,Flat / Apartment,797,2,2,2,Unknown,London,SW19 4HS,796.7377666248432
Montem Terrace,3495000,New development,4420,6,6,6, Wimbledon,London,SW20 8TG,790.7239819004525
Ballantine Street,1200000,House,1378,3,3,3, Wandsworth,London,SW18 1AL,870.8272859216255
Freshford Street,1200000,House,1751,4,4,4, Wandsworth,London,SW18 3TF,685.3226727584238
Swanage Road,1600000,House,2330,5,5,5,Wandsworth,London,SW18 2DZ,686.695278969957
Arlesey Close,799000,House,1214,3,3,3,Putney,London,SW15 2EX,658.154859967051
Disraeli Road,850000,Flat / Apartment,876,2,2,2,Putney,London,SW15 2DZ,970.3196347031964
Chestnut Court,500000,Flat / Apartment,872,2,2,2, Northwood,Middlesex,HA6 3NL,573.394495412844
Montagu Mews North,2500000,House,1323,3,3,3,Marylebone,London,W1H 2JR,1889.644746787604
Albion Street,3950000,House,2547,4,4,4,Hyde Park,London,W2 2AS,1550.8441303494308
Eaton Row,2995000,House,1393,3,3,3,Unknown,London,SW1W 0JA,2150.0358937544866
Redcliffe Gardens,995000,Flat / Apartment,888,1,1,1,Unknown,London,SW10 9JJ,1120.4954954954956
Gerrard Road,2250000,House,1857,4,4,4,Unknown,London,N1 8BA,1211.631663974152
New North Road,749950,Flat / Apartment,855,2,2,2,Unknown,London,N1 6JB,877.1345029239766
ICON7,420000,New development,538,1,1,1, Holloway,London,N7 0JN,780.6691449814126
Richmond Road,424995,Flat / Apartment,422,1,1,1,Hackney,London,E8 3AA,1007.0971563981043
The Pryors,2150000,Flat / Apartment,2074,4,4,4,East Heath Road,London,NW3 1BP,1036.6441658630665
Bishops Road,1500000,House,1645,3,3,3,Fulham,London,SW6 7AB,911.854103343465
Gosberton Road,1575000,House,2115,4,4,4,Unknown,London,SW12 8LQ,744.6808510638298
Hearnville Road,1500000,House,2242,5,5,5,Unknown,London,SW12 8RR,669.0454950936663
Discovery Dock Apartments West,550000,Flat / Apartment,600,1,1,1, Canary Wharf,London,E14 9RT,916.6666666666666
Wilmington Square,475000,Flat / Apartment,381,1,1,1,Clerkenwell,London,WC1X 0EG,1246.719160104987
Nevill Court,595000,Flat / Apartment,791,2,2,2,Edith Terrace,London,SW10 0TL,752.212389380531
Ferry Road,2250000,House,2937,6,6,6,Barnes,London,SW13 9PR,766.0878447395302
Waldemar Avenue,755000,Flat / Apartment,907,3,3,3,Unknown,London,SW6 5LN,832.4145534729879
Battersea Church Road,900000,Flat / Apartment,1218,3,3,3,Battersea,London,SW11 3ND,738.9162561576354
Buckingham Gate,1990000,Flat / Apartment,1560,2,2,2,St. James's,London,SW1E 6LB,1275.6410256410256
South Park Road,1195000,House,1464,3,3,3,Wimbledon,London,SW19 8SZ,816.2568306010929
Garratt Lane,450000,Flat / Apartment,696,2,2,2,Unknown,London,SW18 4EE,646.551724137931
Cadogan Terrace,325000,Flat / Apartment,339,1,1,1,Victoria Park,London,E9 5HP,958.7020648967551
Hassett Road,1150000,House,1541,4,4,4,Unknown,London,E9 5SL,746.2686567164179
Sterling House,850000,Flat / Apartment,1456,2,2,2, Putney,London,SW15 6AR,583.7912087912088
Boatman's Court,879000,New development,1004,2,2,2, Putney,London,SW15 1PP,875.4980079681275
Comyn Road,1295000,House,1875,5,5,5,Unknown,London,SW11 1QB,690.6666666666666
Hightrees House,575000,Flat / Apartment,695,2,2,2,Nightingale Lane,London,SW12 8AH,827.3381294964029
Green Street,4100000,Flat / Apartment,1496,2,2,2,Mayfair,London,W1K 6RG,2740.6417112299464
Morton Road,1800000,House,1919,3,3,3,Islington,London,N1 3BD,937.9885356956748
Highbury Gardens,649950,Flat / Apartment,804,2,2,2,52 Holloway Road,London,N7 8BW,808.3955223880597
Crediton Hill,899950,Flat / Apartment,1143,2,2,2,West Hampstead,London,NW6 1HR,787.3578302712161
Moore Park Road,1999950,New development,1848,3,3,3,Unknown,London,SW6 4PS,1082.224025974026
Southborough Road,1995000,New development,3510,5,5,5,Surbiton,Surrey,KT6 6JN,568.3760683760684
Queen's Gate Gardens,1595000,Flat / Apartment,1170,2,2,2,Kensington,London,SW7 5RR,1363.2478632478633
United House,499000,New development,690,2,2,2,Mayflower Street,London,SE16 4JL,723.1884057971015
Three Riverside,3410000,Penthouse,2852,4,4,4,Riverside Quarter,London,SW18 1PP,1195.6521739130435
Onslow Gardens,6750000,Flat / Apartment,2823,5,5,5,Unknown,London,SW7 3QB,2391.0733262486715
Ensor Mews,2850000,House,1724,3,3,3,Unknown,London,SW7 3BT,1653.1322505800465
Roland Gardens,1895000,Flat / Apartment,1474,3,3,3,Unknown,London,SW7 3PE,1285.61736770692
Wardo Avenue,1650000,House,1756,4,4,4,Fulham,London,SW6 6RB,939.6355353075171
Kinnoul Road,1225000,House,1806,4,4,4,Fulham,London,W6 8NQ,678.2945736434109
Stanlake Road,1100000,House,2145,5,5,5,Unknown,London,W12 7HG,512.8205128205128
Spencer Hill,1095000,House,950,2,2,2,Wimbledon,London,SW19 4PA,1152.6315789473683
Kingston Hill,2395000,House,3498,5,5,5,Kingston upon Thames,Surrey,KT2 7LN,684.6769582618639
Upton Court,550000,Flat / Apartment,904,2,2,2, Wimbledon,London,SW20 8JB,608.4070796460177
Earlsfield Road,1500000,House,2583,5,5,5, Wandsworth,London,SW18 3DA,580.7200929152149
Dempster Road,750000,Flat / Apartment,911,2,2,2, Wandsworth,London,SW18 1AS,823.271130625686
Atheldene Road,1150000,House,1822,5,5,5, Wandsworth,London,SW18 3BN,631.1745334796926
Townshend Court,665000,Flat / Apartment,647,2,2,2,Shannon Place,London,NW8 7DP,1027.8207109737248
Hamilton Terrace,1250000,Flat / Apartment,1036,2,2,2,St. John's Wood,London,NW8 9UJ,1206.5637065637065
St. Johns Road,1895000,House,2564,5,5,5,Richmond,Surrey,TW9 2PE,739.0795631825273
James House,600000,Flat / Apartment,632,2,2,2,70 Webb's Road,London,SW11 6SE,949.367088607595
Broomwood Road,700000,Flat / Apartment,946,2,2,2,Unknown,London,SW11 6JX,739.9577167019028
Bolingbroke Grove,2450000,House,3020,6,6,6,Clapham,London,SW11 6ES,811.2582781456954
Lowndes Square,1750000,Flat / Apartment,853,2,2,2,Unknown,London,SW1X 9HA,2051.58264947245
Eagle Wharf Road,895000,New development,1033,3,3,3,Islington,London,N1 7EG,866.4085188770571
Youngs Court,1000000,Flat / Apartment,884,1,1,1, Hampstead,London,NW3 1DD,1131.2217194570135
Moore Park Road,2300000,House,2124,4,4,4,Fulham,London,SW6 2HH,1082.8625235404897
Montpellier Road,375000,Flat / Apartment,444,1,1,1,Ealing,London,W5 2QS,844.5945945945946
Esher Place Avenue,2150000,House,3177,5,5,5,Esher,Surrey,KT10 8PY,676.7390620081839
Common Road,785000,New development,1474,3,3,3, Esher,Surrey,KT10 0HG,532.5644504748982
Bolander Grove,725000,New development,591,1,1,1,Unknown,London,SW6 1EY,1226.7343485617598
Sheen Road,2850000,House,5130,7,7,7,Richmond,Surrey,TW10 5AL,555.5555555555555
Birds Hill Drive,5950000,New development,11716,6,6,6,Oxshott,Surrey,KT22 0SW,507.8525093888699
Ashley Gardens,985000,Flat / Apartment,1140,2,2,2,Thirleby Road,London,SW1P 1HN,864.0350877192982
St. Ann's Crescent,585000,Flat / Apartment,795,2,2,2,Unknown,London,SW18 2ND,735.8490566037735
Herndon Road,995000,House,1993,5,5,5,Wandsworth,London,SW18 2DG,499.2473657802308
Claremont Court,550000,Flat / Apartment,666,2,2,2, Shoreditch,London,E2 6DE,825.8258258258259
Eaton Square,7300000,Flat / Apartment,2230,3,3,3,Belgravia,London,SW1W 9DH,3273.542600896861
Elsworthy Terrace,1250000,Flat / Apartment,885,2,2,2,Primrose Hill,London,NW3 3DR,1412.4293785310736
Radnor Mews,3750000,House,2396,4,4,4,Hyde Park Estate,London,W2 2SA,1565.1085141903172
Thornton Place,430000,Studio,514,1,1,1,Clapham Common North Side,London,SW4 0AB,836.5758754863813
Thornton Place,830000,Flat / Apartment,891,2,2,2,Clapham Common North Side,London,SW4 0AB,931.5375982042649
Pearson Square,1100000,Flat / Apartment,635,1,1,1,Fitzrovia,London,W1T 3BJ,1732.283464566929
John Adam Street,3100000,New development,1410,3,3,3,Covent Garden,London,WC2N 6LU,2198.581560283688
Vicarage Gate,925000,Flat / Apartment,706,1,1,1,Unknown,London,W8 4HH,1310.198300283286
Pyrland Road,2650000,House,3319,6,6,6,Highbury,London,N5 2JA,798.4332630310334
Elwood House,450000,Flat / Apartment,569,2,2,2,Hurlock Street,London,N5 1EU,790.8611599297012
Dalston Square,650000,Flat / Apartment,720,2,2,2,Hackney,London,E8 3GT,902.7777777777778
Lyncroft Mansions,799950,Flat / Apartment,956,2,2,2, West Hampstead,London,NW6 1JY,836.7677824267782
Chelsea Vista,1250000,Penthouse,1209,2,2,2, Fulham,London,SW6 2SD,1033.9123242349049
Ashburnham Park,2995000,House,5614,6,6,6,Esher,Surrey,KT10 9TW,533.4877092981831
Claremont Drive,2250000,House,3661,4,4,4,Esher,Surrey,KT10 9LU,614.586178639716
Sandown Road,2995000,House,7087,7,7,7,Esher,Surrey,KT10 9TT,422.6047692958939
Pavilion Park,1100000,New development,1629,3,3,3, East Molesey,Surrey,KT8 9DX,675.2608962553714
Berwyn Road,3350000,House,3770,6,6,6,Richmond,Surrey,TW10 5BP,888.5941644562334
St John Street,775000,Flat / Apartment,810,1,1,1,Clerkenwell,London,EC1V 4LD,956.7901234567901
Meon Road,800000,House,1080,3,3,3,Acton,London,W3 8AN,740.7407407407408
Beverley Close,1850000,House,1735,4,4,4,Barnes,London,SW13 0EH,1066.2824207492795
Cambridge Road,1500000,House,1108,3,3,3,Barnes,London,SW13 0PG,1353.7906137184116
Davisville Road,1695000,House,2147,5,5,5,Unknown,London,W12 9SJ,789.4736842105264
Fladgate House,750000,Flat / Apartment,686,1,1,1, Battersea,London,SW11 8EU,1093.2944606413994
York Mansions,1985000,Flat / Apartment,1492,3,3,3, Battersea,London,SW11 4BW,1330.4289544235926
Hamilton Terrace,1100000,Flat / Apartment,1125,2,2,2,St. John's Wood,London,NW8 9UJ,977.7777777777778
Seward Street,650000,Flat / Apartment,674,2,2,2,Clerkenwell,London,EC1V 3PA,964.3916913946588
Bloomfield Terrace,4500000,House,2145,3,3,3,Belgravia,London,SW1W 8PG,2097.902097902098
Westbourne Park Road,4750000,New development,2552,4,4,4,Notting Hill,London,W2 5PH,1861.2852664576803
Scotland Road,995000,House,1706,5,5,5,Buckhurst Hill,Essex,IG9 5NP,583.2356389214536
Hampstead Lane,2150000,House,2172,3,3,3,Highgate,London,N6 4RT,989.8710865561694
Corfton Road,695000,Flat / Apartment,964,2,2,2,Ealing,London,W5 2HT,720.954356846473
Barton Road,575000,Flat / Apartment,573,2,2,2,Unknown,London,W14 9HA,1003.4904013961606
Bramham Gardens,1950000,Flat / Apartment,966,2,2,2,Unknown,London,SW5 0HQ,2018.6335403726707
Stonehill Road,2000000,House,2365,4,4,4,Unknown,London,SW14 8RW,845.6659619450318
Teal Court,1100000,Flat / Apartment,816,2,2,2,Star Place,London,E1W 1AB,1348.0392156862745
Louisville Road,1550000,House,2500,5,5,5,Unknown,London,SW17 8RL,620.0
HKR,649999,New development,569,1,1,1,211-227 Hackney Road,London,E2 8NA,1142.353251318102
St. Albans Avenue,1500000,House,1868,5,5,5,Chiswick,London,W4 5JR,802.9978586723769
The Lindens,725000,House,960,3,3,3,Hartington Road,London,W4 3UQ,755.2083333333334
Shorrolds Road,785000,Flat / Apartment,739,2,2,2,Unknown,London,SW6 7TP,1062.2462787550744
Wetherell Road,400000,Flat / Apartment,491,1,1,1,South Hackney,London,E9 7DS,814.6639511201629
Wieland Road,1395000,House,2141,4,4,4,Northwood,Middlesex,HA6 3RD,651.5646893974778
Ravenswood Park,799950,House,1519,4,4,4,Northwood,Middlesex,HA6 3PS,526.6293614219882
Grove Lane,975000,Bungalow,2169,3,3,3,Chigwell,Essex,IG7 6JD,449.51590594744124
Cadogan Place,4750000,House,2157,4,4,4,Belgravia,London,SW1X 9RP,2202.132591562355
Highbury New Park,899950,Flat / Apartment,947,2,2,2,Unknown,London,N5 2ET,950.3167898627244
Offord Road,925000,Flat / Apartment,931,2,2,2,Islington,London,N1 1EA,993.5553168635876
Linver Road,1800000,House,1776,5,5,5,Fulham,London,SW6 3RB,1013.5135135135135
Perrymead Street,2950000,House,3144,6,6,6,Fulham,London,SW6 3SW,938.295165394402
Doulton House,795000,New development,825,2,2,2, Fulham,London,SW6 2FS,963.6363636363636
Regal House,795000,Flat / Apartment,798,2,2,2, Imperial Wharf,London,SW6 2GZ,996.2406015037594
Fitzroy House,499999,Flat / Apartment,452,1,1,1, Longfield Avenue,London,W5 2QY,1106.1924778761063
Herne Road,1450000,House,2523,4,4,4,Surbiton,Surrey,KT6 5BX,574.7126436781609
Columbia Gardens,780000,New development,558,1,1,1,Unknown,London,SW6 1FU,1397.8494623655913
Cleveley Court,398000,New development,461,1,1,1,Ashton Reach,London,SE16 7EP,863.3405639913232
Amelia Street,570000,Flat / Apartment,680,2,2,2,Unknown,London,SE17 3BZ,838.2352941176471
Alston Road,625000,House,1007,2,2,2,Unknown,London,SW17 0TR,620.6554121151936
Thorne Street,1150000,House,1259,3,3,3,Barnes,London,SW13 0PT,913.4233518665608
Seward Street,655000,Flat / Apartment,703,2,2,2,Clerkenwell,London,EC1V 3PA,931.7211948790896
Hamond Square,375000,Flat / Apartment,482,1,1,1,Hoxton,London,N1 5JQ,778.0082987551867
Oppidans Road,2395000,House,2221,4,4,4,Primrose Hill,London,NW3 3AG,1078.3430886987844
Cairns Road,670000,Flat / Apartment,614,2,2,2,Unknown,London,SW11 1ES,1091.2052117263843
Broomwood Road,1450000,House,1792,5,5,5,Unknown,London,SW11 6JZ,809.1517857142857
Cleveland Street,1750000,Flat / Apartment,2203,3,3,3,Fitzrovia,London,W1T 6NG,794.3713118474807
Kinnerton Street,2250000,House,1673,3,3,3,Unknown,London,SW1X 8EA,1344.8894202032277
Liverpool Road,1295000,Penthouse,1424,3,3,3,Unknown,London,N1 1LA,909.4101123595506
Palewell Park,1750000,House,2435,4,4,4,Unknown,London,SW14 8JH,718.6858316221766
Gaskarth Road,700000,Flat / Apartment,707,2,2,2,Unknown,London,SW12 9NL,990.0990099009902
Grange Road,2100000,House,2137,5,5,5,Barnes,London,SW13 9RE,982.6860084230229
Latchmere Road,775000,House,1414,4,4,4,Battersea,London,SW11 2DT,548.0905233380481
Killarney Road,1575000,House,2379,5,5,5,Wandsworth,London,SW18 2DX,662.0428751576293
Grove House,650000,Flat / Apartment,1091,3,3,3,27 Frampton Park Road,London,E9 7PQ,595.7836846929423
Holland Park Villas,8750000,New development,2755,3,3,3,6 Campden Hill,London,W8 7AD,3176.043557168784
Portland Terrace,775000,Flat / Apartment,705,2,2,2, Richmond,Surrey,TW9 1QQ,1099.290780141844
Eastbury Road,975000,House,1200,3,3,3,Northwood,Middlesex,HA6 3AJ,812.5
Hidcote Apartments,699999,New development,878,2,2,2,5 Danvers Avenue,London,SW11 1AN,797.2653758542141
Stonehill Road,2250000,House,2344,5,5,5,Unknown,London,SW14 8RW,959.8976109215017
Palewell Park,1750000,House,2540,5,5,5,East Sheen,London,SW14 8JQ,688.9763779527559
Burnaby Crescent,1380000,House,1737,5,5,5,Chiswick,London,W4 3LH,794.4732297063904
Chatsworth Place,1595000,House,3069,5,5,5,Oxshott,Surrey,KT22 0SS,519.7132616487455
Castelnau,5500000,House,4666,7,7,7,Barnes,London,SW13 9EL,1178.739819974282
Denmark Avenue,3050000,House,3717,5,5,5,Wimbledon,London,SW19 4HF,820.5542103847189
Thornton Hill,2350000,House,3594,5,5,5,Wimbledon,London,SW19 4HU,653.8675570395103
Abernethy House,1600000,New development,1018,2,2,2,Barts Square,City Of London,EC1A 7BD,1571.7092337917486
Cadogan Gardens,6950000,Flat / Apartment,1840,3,3,3,Unknown,London,SW3 2RJ,3777.1739130434785
Egerton Place,5250000,Flat / Apartment,2026,3,3,3,Knightsbridge,London,SW3 2EF,2591.3129318854885
Lowndes Square,3375000,Flat / Apartment,913,2,2,2,Knightsbridge,London,SW1X 9HD,3696.604600219058
Lancaster Close,1700000,Flat / Apartment,1138,3,3,3,13-15 St. Petersburgh Place,London,W2 4JZ,1493.8488576449913
Maddox Street,4650000,Penthouse,2231,4,4,4,Mayfair,London,W1S 1NR,2084.2671447781263
New Hereford House,2100000,Flat / Apartment,1074,2,2,2, Mayfair,London,W1K 7JB,1955.3072625698323
Trevor Street,7950000,House,3247,4,4,4,Unknown,London,SW7 1DX,2448.413920542039
Carriage House,390000,New development,506,1,1,1,2  City North Place,London,N4 3FS,770.7509881422925
Rosaville Road,1650000,House,1684,4,4,4,Unknown,London,SW6 7BN,979.8099762470309
Barkston Gardens,2000000,Flat / Apartment,1997,4,4,4,Earl's Court,London,SW5 0ER,1001.5022533800701
Upper Richmond Road West,1225000,House,1633,4,4,4,Richmond,Surrey,TW10 5DY,750.1530924678506
Calbourne Road,1585000,House,2055,4,4,4,Unknown,London,SW12 8LW,771.2895377128954
Trinity Road,4250000,House,4774,7,7,7,Wandsworth,London,SW18 3SN,890.2387934645999
Fulham Road,3950000,House,2815,4,4,4,Unknown,London,SW10 9UG,1403.197158081705
Queens Ride,6500000,House,5196,6,6,6,Unknown,London,SW13 0JF,1250.9622786759046
1 Eastfields Avenue,985000,Flat / Apartment,1295,3,3,3,Putney,London,SW18 1FQ,760.6177606177606
Charlwood Place,1500000,Flat / Apartment,1275,3,3,3,Pimlico,London,SW1V 2LX,1176.4705882352941
Buckingham Gate,465000,Flat / Apartment,543,1,1,1,Unknown,London,SW1E 6PA,856.353591160221
Effra Road,950000,House,1357,3,3,3,Wimbledon,London,SW19 8PR,700.0736919675755
Kingholme House,699950,Flat / Apartment,786,2,2,2, Wimbledon,London,SW19 4RD,890.5216284987278
East Hill,725000,Flat / Apartment,1134,2,2,2,Wandsworth,London,SW18 2QE,639.3298059964727
Townshend Court,465000,Flat / Apartment,473,1,1,1,Shannon Place,London,NW8 7DP,983.0866807610994
Mortimer Court,500000,Flat / Apartment,451,1,1,1,Abbey Road,London,NW8 9AB,1108.6474501108648
Rutland Gate,5750000,Flat / Apartment,2524,3,3,3,Knightsbridge,London,SW7 1PJ,2278.1299524564183
Chevalier House,5450000,Flat / Apartment,1650,2,2,2,60 Brompton Road,London,SW3 1BW,3303.030303030303
Queens Road,775000,House,1169,3,3,3,Unknown,Twickenham,TW1 4ET,662.9597946963216
Church Road,550000,Flat / Apartment,676,2,2,2,Richmond,Surrey,TW10 6LN,813.6094674556213
High Road,1500000,House,4023,7,7,7, Coulsdon,Surrey,CR5 3QN,372.85607755406414
Eastfields Avenue,775000,Flat / Apartment,820,2,2,2,Putney,London,SW18 1GN,945.1219512195122
Ormonde Court,699950,Penthouse,907,2,2,2, Putney,London,SW15 6TR,771.7199558985667
Sisters Avenue,1550000,House,2052,4,4,4,Unknown,London,SW11 5SW,755.3606237816764
Crockerton Road,1850000,House,3247,7,7,7,Unknown,London,SW17 7HG,569.7566984909147
Pullman Court,249999,Flat / Apartment,458,1,1,1,Streatham Hill,London,SW2 4ST,545.849344978166
Clifton Road,3300000,House,3448,4,4,4,Little Venice,London,W9 1SZ,957.07656612529
Pearson Square,1600000,Flat / Apartment,1402,2,2,2,Fitzrovia,London,W1T 3BJ,1141.2268188302426
Portland Chambers,1790000,Penthouse,890,2,2,2, Fitzrovia,London,W1W 6RP,2011.2359550561798
Bryanston Court,4950000,Flat / Apartment,2817,6,6,6, Marylebone,London,W1H 7HB,1757.188498402556
Green Street,2250000,Flat / Apartment,987,2,2,2,Unknown,London,W1K 6RG,2279.6352583586627
Green Street,2650000,Flat / Apartment,1027,2,2,2,Mayfair,London,W1K 6RG,2580.3310613437197
Whitehall Lane,1000000,House,2000,4,4,4,Buckhurst Hill,Essex,IG9 5JG,500.0
Baldwins Hill,1250000,House,2244,4,4,4,Loughton,Essex,IG10 1SD,557.0409982174688
Bishops Gate,990000,New development,820,2,2,2,82-88 Fulham High Street,London,SW6 3LF,1207.3170731707316
Barts Square,1650000,New development,1259,3,3,3, Smithfield Market,London,EC1A 9DS,1310.5639396346307
Cubitt Building,765000,New development,618,1,1,1,10 Gatliff Road,London,SW1W 8QL,1237.8640776699028
Gainsborough Studios West,1100000,Flat / Apartment,1095,2,2,2, Shoreditch,London,N1 5EA,1004.566210045662
Middleton Road,474950,Flat / Apartment,540,1,1,1,Hackney,London,E8 4BS,879.5370370370371
Pond Street,2450000,Penthouse,1879,3,3,3,Hampstead,London,NW3 2PS,1303.885045236828
Clark House,650000,Flat / Apartment,668,1,1,1, Hampstead,London,NW3 7AT,973.0538922155689
Corfton Road,499950,Flat / Apartment,603,1,1,1,Unknown,London,W5 2HT,829.1044776119403
Corfton Road,449950,Flat / Apartment,539,1,1,1,Unknown,London,W5 2HT,834.7866419294991
Manor Road South,1349950,House,2986,5,5,5,Esher,Surrey,KT10 0QQ,452.093101138647
Grove Road,1350000,House,1890,4,4,4,East Molesey,Surrey,KT8 9JS,714.2857142857143
The Granary,375000,Flat / Apartment,961,2,2,2, Barwell Lane,Chessington,KT9 2LZ,390.21852237252864
Milbourne Lane,625000,House,968,3,3,3,Esher,Surrey,KT10 9EA,645.6611570247934
Matham Road,2250000,House,4312,5,5,5,East Molesey,Surrey,KT8 0SX,521.799628942486
Sandown Road,2350000,House,3861,5,5,5,Esher,Surrey,KT10 9TU,608.6506086506087
Manor Drive,900000,House,1437,3,3,3,Esher,Surrey,KT10 0AU,626.3048016701462
Cornwall Gardens,395000,Flat / Apartment,734,2,2,2,Unknown,London,SW7 4BE,538.1471389645776
Spruce House,1000000,Penthouse,1539,2,2,2,4 Woodland Crescent,London,SE16 6YG,649.772579597141
Emmanuel Road,825000,Flat / Apartment,1517,3,3,3,Unknown,London,SW12 0HF,543.8365194462756
Brandreth Road,1600000,House,2340,5,5,5,Unknown,London,SW17 8ER,683.7606837606837
Ziggurat Building,1250000,Flat / Apartment,1085,2,2,2, Clerkenwell,London,EC1N 8QX,1152.073732718894
Swanscombe Road,1100000,House,1112,3,3,3,Chiswick,London,W4 2HQ,989.2086330935252
Hamilton Road,1200000,House,1517,4,4,4,Chiswick,London,W4 1AL,791.0349373764008
Castelnau,4000000,House,5108,5,5,5,Barnes,London,SW13 9EX,783.0853563038371
Chester Close,1250000,House,1952,3,3,3, Barnes,London,SW13 0JE,640.3688524590164
Matheson Road,430000,Flat / Apartment,477,1,1,1,Unknown,London,W14 8SN,901.4675052410902
Batoum Gardens,635000,Flat / Apartment,556,2,2,2,Unknown,London,W6 7QB,1142.086330935252
Wood Crescent,1000000,New development,960,2,2,2,Unknown,London,W12 7GS,1041.6666666666667
Lime Grove,420000,Flat / Apartment,783,2,2,2,Unknown,London,W12 8EE,536.3984674329502
Prince of Wales Mansions,699950,Flat / Apartment,816,2,2,2,Prince of Wales Drive,London,SW11 4BG,857.781862745098
Primrose Mansions,585000,Flat / Apartment,552,1,1,1,Prince of Wales Drive,London,SW11 4EE,1059.7826086956522
Frere Street,800000,House,1148,3,3,3,Battersea,London,SW11 2JA,696.8641114982578
Newlands Close,375000,House,880,3,3,3, Walton-on-Thames,Surrey,KT12 4PW,426.1363636363636
Jessica Road,1450000,House,2131,4,4,4,Wandsworth,London,SW18 2QL,680.431722196152
Rosehill Road,2000000,House,2518,5,5,5,Wandsworth,London,SW18 2NX,794.2811755361398
Carlton Hill,995000,Flat / Apartment,814,2,2,2,St John's Wood,London,NW8 0EN,1222.3587223587224
Albany,3250000,Flat / Apartment,917,2,2,2,Piccadilly,London,W1J 0AX,3544.1657579062157
The Green,4495000,House,4063,6,6,6,Richmond,Surrey,TW9 1PX,1106.32537533842
Sandy Lane,1350000,Bungalow,2912,4,4,4,Northwood,Middlesex,HA6 3ER,463.5989010989011
Devonshire Street,875000,Flat / Apartment,570,2,2,2,Marylebone,London,W1G 6PY,1535.0877192982457
Luxborough Street,750000,Flat / Apartment,633,2,2,2,Marylebone,London,W1U 5BS,1184.8341232227488
Pelham Place,7500000,House,2693,4,4,4,South Kensington,London,SW7 2NQ,2784.998143334571
Cottesmore Court,5950000,Penthouse,3002,4,4,4,Stanford Road,London,W8 5QL,1982.0119920053298
Hyde Park Gate,3750000,Flat / Apartment,1925,3,3,3,Unknown,London,SW7 5DT,1948.051948051948
Holland Park Villas,7600000,New development,2238,3,3,3, Kensington,London,W8 7AF,3395.8891867739053
The Rectangular Tower,565000,New development,739,2,2,2,3 City North Place,London,N4 2DH,764.5466847090663
Cloudesley Place,1435000,House,1341,3,3,3,Islington,London,N1 0JA,1070.096942580164
Packington Street,1295000,New development,1321,2,2,2,Unknown,London,N1 8RA,980.3179409538228
Hertford Road,485000,Flat / Apartment,822,2,2,2,De Beauvoir,London,N1 4SN,590.0243309002433
River Bank,520000,Flat / Apartment,944,2,2,2,East Molesey,Surrey,KT8 9BH,550.8474576271186
Vicarage Road,2350000,House,2281,4,4,4,Unknown,London,SW14 8RU,1030.2498903989479
Fernside Road,1350000,House,1805,4,4,4,Unknown,London,SW12 8LJ,747.9224376731302
Junction House,545000,New development,691,1,1,1, Battersea,London,SW11 2NU,788.712011577424
Junction House,640000,New development,691,2,2,2, Battersea,London,SW11 2NU,926.1939218523878
Junction House,545000,New development,577,1,1,1, Battersea,London,SW11 2NU,944.5407279029463
Carlton Drive,1850000,Penthouse,2120,3,3,3,Putney,London,SW15 2BS,872.6415094339623
Carlton Drive,1460000,New development,1399,3,3,3,Putney,London,SW15 2BS,1043.602573266619
Rectory Road,2200000,House,2266,5,5,5,Barnes,London,SW13 0DU,970.8737864077669
St. Dunstans Road,1325000,House,1782,4,4,4,Unknown,London,W6 8RB,743.5465768799102
St. George Wharf,3550000,Flat / Apartment,1862,3,3,3,Vauxhall,London,SW8 2BW,1906.5520945220194
South Park Road,1195000,House,1271,3,3,3,Wimbledon,London,SW19 8SZ,940.204563335956
Durrington Park Road,1995000,House,2620,5,5,5,Wimbledon,London,SW20 8NU,761.4503816793894
Rydon Mews,1585000,House,1712,4,4,4,Wimbledon,London,SW19 4RP,925.8177570093458
Drax Avenue,2695000,House,3924,6,6,6,Wimbledon,London,SW20 0EG,686.7991845056065
Ridgway Place,2990000,House,3067,6,6,6,Wimbledon,London,SW19 4EW,974.8940332572546
Hendham Road,1875000,House,2422,5,5,5,Wandsworth,London,SW17 7DH,774.1535920726673
Eamont Court,650000,Flat / Apartment,623,2,2,2,Shannon Place,London,NW8 7DN,1043.338683788122
Kensington Apartments,559000,Flat / Apartment,513,1,1,1, Aldgate,London,E1 6LW,1089.6686159844055
Eaton Square,3450000,Flat / Apartment,1441,2,2,2,Unknown,London,SW1W 9DH,2394.170714781402
Eaton Place,2000000,Flat / Apartment,1520,2,2,2,Belgravia,London,SW1X 8DE,1315.7894736842106
Ormond Avenue,1650000,House,1750,4,4,4,Richmond,Surrey,TW10 6TN,942.8571428571429
Putney Park House,425000,Flat / Apartment,592,1,1,1, Putney,London,SW15 5HJ,717.9054054054054
North Side Wandsworth Common,700000,Flat / Apartment,1040,3,3,3,Unknown,London,SW18 2SL,673.0769230769231
Bryanston Square,2200000,Flat / Apartment,1163,3,3,3,Marylebone,London,W1H 2DH,1891.6595012897678
Shillibeer Place,1750000,House,1224,3,3,3,Marylebone,London,W1H 4DR,1429.7385620915034
Eaton Place,1450000,Flat / Apartment,765,2,2,2,Unknown,London,SW1X 8AL,1895.424836601307
Alwyne Road,3500000,House,2216,4,4,4,Islington,London,N1 2HW,1579.4223826714801
Liverpool Road,925000,Flat / Apartment,1032,2,2,2,Unknown,London,N1 0PY,896.3178294573644
Canonbury Park North,1850000,Flat / Apartment,1623,4,4,4,Islington,London,N1 2JU,1139.864448552064
Fitzjohn's Avenue,2295000,Flat / Apartment,2039,3,3,3,Hampstead,London,NW3 5JY,1125.551741049534
Hampstead Hill Gardens,925000,Flat / Apartment,730,1,1,1,Hampstead,London,NW3 2PL,1267.123287671233
Park View Road,2000000,House,3060,5,5,5,Unknown,London,W5 2JF,653.59477124183
Coval Road,1350000,House,1767,4,4,4,Unknown,London,SW14 7RW,764.0067911714771
The Madison,1418000,New development,1335,3,3,3, Canary Wharf,London,E14 9YT,1062.1722846441949
Rusthall Avenue,1300000,House,1685,4,4,4,Chiswick,London,W4 1BL,771.513353115727
Paultons Square,5350000,House,2710,4,4,4,Unknown,London,SW3 5AP,1974.169741697417
Melville Road,2400000,House,2425,5,5,5,Barnes,London,SW13 9RH,989.6907216494845
Burnthwaite Road,825000,Flat / Apartment,853,3,3,3, Fulham,London,SW6 5BQ,967.1746776084408
Lena Gardens,635000,Flat / Apartment,634,2,2,2,Hammersmith,London,W6 7PZ,1001.5772870662461
Elsham Road,935000,Flat / Apartment,944,2,2,2,Unknown,London,W14 8HH,990.4661016949152
Garfield Road,699950,House,883,2,2,2,Wimbledon,London,SW19 8RZ,792.6953567383919
Adela Avenue,765000,House,1500,4,4,4,New Malden,Surrey,KT3 6LE,510.0
Hersham Road,1250000,House,2502,5,5,5,Walton-on-Thames,Surrey,KT12 1LL,499.6003197442046
Boatman's Court,725000,New development,784,2,2,2, Putney,London,SW15 1PP,924.7448979591836
Arundel Gardens,1350000,Flat / Apartment,628,1,1,1,Notting Hill,London,W11 2LB,2149.6815286624205
Mandrake Road,1200000,House,1746,5,5,5,Unknown,London,SW17 7PX,687.2852233676975
Bishops Gate,970000,New development,810,2,2,2,Unknown,82-88 Fulham High Street,SW6 3LF,1197.530864197531
Bishops Gate,650000,New development,560,1,1,1,82-88 Fulham High Street,London,SW6 3LF,1160.7142857142858
Sloane Court East,750000,Flat / Apartment,599,1,1,1,Chelsea,London,SW3 4TQ,1252.0868113522538
Canalside Square,500000,New development,566,1,1,1,Unknown,London,N1 7FP,883.3922261484099
Matthias Apartments,825000,Penthouse,1226,2,2,2,158 Northchurch Road,London,N1 3FL,672.9200652528548
Wardo Avenue,975000,Flat / Apartment,1386,3,3,3,Unknown,London,SW6 6RA,703.4632034632035
Ember Lane,925000,House,1270,4,4,4,Esher,Surrey,KT10 8ER,728.3464566929134
Philbeach Gardens,1000000,Flat / Apartment,703,2,2,2,Unknown,London,SW5 9EY,1422.475106685633
Collingham Place,1495000,Flat / Apartment,1122,2,2,2,Unknown,London,SW5 0QF,1332.4420677361854
Temple Sheen,2350000,House,2667,5,5,5,Unknown,London,SW14 7RP,881.1398575178102
Stapleton Road,675000,Flat / Apartment,924,2,2,2,Unknown,London,SW17 8AY,730.5194805194806
Cecil Mansions,765000,Flat / Apartment,1025,4,4,4,Marius Road,London,SW17 7QN,746.3414634146342
Yukon Road,799950,Flat / Apartment,1320,4,4,4,Unknown,London,SW12 9PY,606.0227272727273
28 Narrow Street,2950000,Penthouse,3451,5,5,5,Limehouse,London,E14 8DQ,854.8246884960881
Myddelton Square,999950,Flat / Apartment,792,2,2,2,Finsbury,London,EC1R 1YB,1262.5631313131314
Wolseley Gardens,1200000,House,1710,4,4,4, Chiswick,London,W4 3LP,701.7543859649123
Speldhurst Road,1250000,House,1395,4,4,4,Chiswick,London,W4 1BU,896.0573476702509
Eastbury Grove,1495000,House,1889,4,4,4,Chiswick,London,W4 2JY,791.42403388036
Meredyth Road,1950000,House,2150,4,4,4,Barnes,London,SW13 0DS,906.9767441860465
Television Centre,785000,New development,590,1,1,1,101 Wood Lane,London,W12 7FT,1330.5084745762713
Montevetro,2250000,Flat / Apartment,1641,3,3,3, Battersea,London,SW11 3YL,1371.1151736745887
Howick Place,6450000,Flat / Apartment,3578,2,2,2, Westminster,London,SW1P 1QN,1802.6830631637786
Ridgway,749950,Flat / Apartment,1059,2,2,2, Wimbledon,London,SW19 4QS,708.1680830972616
Earlsfield Road,1675000,House,2565,4,4,4,Unknown,London,SW18 3DN,653.0214424951267
Twilley Street,950000,House,1360,4,4,4,Unknown,London,SW18 4NU,698.5294117647059
The Glass Building,1975000,Penthouse,2458,2,2,2,226 Arlington Road,London,NW1 7HY,803.4987794955248
Radnor Walk,3550000,House,1986,5,5,5,Chelsea,London,SW3 4BP,1787.5125881168178
Du Cane Court,350000,Flat / Apartment,539,1,1,1,Balham High Road,London,SW17 7JA,649.3506493506494
Basilica Mews,2375000,New development,2540,5,5,5,Unknown,Thurleigh Road,SW12 8UF,935.0393700787401
Basilica Mews,2325000,New development,2466,5,5,5,Unknown,Thurleigh Road,SW12 8UF,942.8223844282238
Pearson Square,4600000,New development,1961,3,3,3,Fitzrovia,London,W1T 3BF,2345.741968383478
The Chase,700000,House,1174,4,4,4,Loughton,Essex,IG10 4RE,596.252129471891
Piercing Hill,1350000,House,2312,4,4,4, Epping,Essex,CM16 7JW,583.9100346020762
Bramah House,1325000,New development,824,2,2,2,9 Gatliff Road,London,SW1W 8DP,1608.009708737864
Tedworth Square,1850000,Flat / Apartment,981,2,2,2,Unknown,London,SW3 4DU,1885.8307849133537
Ascott Avenue,1000000,House,1549,4,4,4,Ealing,London,W5 5QB,645.577792123951
Carleton Close,1275000,House,2344,5,5,5,Esher,Surrey,KT10 8EE,543.9419795221843
Redcliffe Square,2000000,Flat / Apartment,1072,2,2,2,Unknown,London,SW10 9JY,1865.6716417910447
Palmers Road,1200000,House,1760,4,4,4,East Sheen,London,SW14 7NB,681.8181818181819
Gaskarth Road,1175000,House,1668,4,4,4,Unknown,London,SW12 9NL,704.4364508393286
Kirkstall Road,1300000,House,2177,4,4,4,Unknown,London,SW2 4HD,597.1520440973817
Woodfield Lane,3500000,House,4213,7,7,7,Unknown,London,SW16 1LF,830.7619273676715
Mayford Road,800000,Flat / Apartment,1035,2,2,2,Unknown,London,SW12 8SN,772.9468599033817
Merton Avenue,1200000,House,1615,4,4,4,Chiswick,London,W4 1TA,743.0340557275542
The Orchard,3295000,House,3230,5,5,5, Chiswick,London,W4 1JZ,1020.123839009288
Ravensmede Way,425000,Flat / Apartment,548,2,2,2,Unknown,London,W4 1TF,775.5474452554745
Carlton House,1215000,New development,1091,3,3,3, Putney,London,SW15 2BS,1113.6571952337306
Slaidburn Street,1850000,House,1341,3,3,3,Unknown,London,SW10 0JW,1379.5674869500374
Rocks Lane,2275000,House,2652,5,5,5,Barnes,London,SW13 0DB,857.843137254902
Hampshire Court,400000,Flat / Apartment,601,2,2,2, Barnes,London,SW13 0ES,665.5574043261231
Valiant House,800000,Flat / Apartment,1143,3,3,3, Battersea,London,SW11 3LX,699.912510936133
Queenstown Road,700000,Flat / Apartment,940,2,2,2,Battersea,London,SW8 3QD,744.6808510638298
Aslett Street,750000,Duplex,1522,4,4,4,Unknown,London,SW18 2BQ,492.772667542707
City Road,500000,Flat / Apartment,561,1,1,1,Clerkenwell,London,EC1V 1AG,891.2655971479501
Cadogan Lane,3975000,House,1726,3,3,3,Knightsbridge,London,SW1X 9DP,2303.012746234067
Strawberry Vale,1999995,House,2537,5,5,5,Unknown,Twickenham,TW1 4RX,788.3307055577453
Seaton Close,1099000,House,1554,4,4,4, Putney,London,SW15 3TJ,707.2072072072073
Roseland House,539950,Flat / Apartment,627,2,2,2,Weimar Street,London,SW15 1SY,861.164274322169
Woodhouse Eaves,1050000,House,1677,4,4,4,Northwood,Middlesex,HA6 3NF,626.1180679785331
Gayville Road,850000,Flat / Apartment,901,2,2,2,Unknown,London,SW11 6JW,943.3962264150944
Edgeley Road,599950,Flat / Apartment,699,2,2,2,Unknown,London,SW4 6HB,858.2975679542203
Marmion Road,695000,Flat / Apartment,987,2,2,2,Unknown,London,SW11 5PA,704.1540020263425
Carlton Mansions,950000,Flat / Apartment,922,3,3,3, Maida Vale,London,W9 1NS,1030.3687635574838
Liverpool Road,1999995,House,2073,4,4,4,Unknown,London,N7 8PR,964.7829232995658
Matilda Street,365000,Flat / Apartment,520,1,1,1,Unknown,London,N1 1BG,701.9230769230769
Kidderpore Avenue,1200000,Flat / Apartment,1218,3,3,3,Hampstead,London,NW3 7SF,985.2216748768473
Palace Road,2950000,House,4389,6,6,6,East Molesey,Surrey,KT8 9DW,672.1348826611985
Sketch Apartments,380000,Flat / Apartment,550,1,1,1,42 White Horse Lane,London,E1 3FY,690.9090909090909
Alleyn Park,1875000,House,3435,5,5,5,Unknown,London,SE21 8AA,545.8515283842795
The Chase,5100000,House,4459,7,7,7,Unknown,London,SW4 0NH,1143.7542049786948
Andersens Wharf,490000,Flat / Apartment,771,2,2,2, Canary Wharf,London,E14 7DX,635.5382619974059
Lonsdale Road,2750000,House,2612,6,6,6,Barnes,London,SW13 9ED,1052.833078101072
Townshend Court,450000,Flat / Apartment,460,1,1,1, St John's Wood,London,NW8 7DP,978.2608695652174
Weldin Mews,825000,House,1224,3,3,3,Putney,London,SW18 1FT,674.0196078431372
Hotham Road,1695000,House,2205,4,4,4,Putney,London,SW15 1QJ,768.7074829931972
Carlton Drive,425000,Flat / Apartment,548,1,1,1,Putney,London,SW15 2BD,775.5474452554745
Gloucester Avenue,1250000,Flat / Apartment,896,2,2,2,Primrose Hill,London,NW1 8JD,1395.0892857142858
Northumberland Place,3750000,House,2239,4,4,4,Unknown,London,W2 5BS,1674.8548459133542
The Claves,785000,New development,1263,2,2,2, Mill Hill,London,NW7 1NY,621.5360253365004
City Road,675000,Flat / Apartment,891,2,2,2,Unknown,London,EC1V 1LA,757.5757575757576
Forest Road,465000,Flat / Apartment,518,1,1,1,Hackney,London,E8 3BL,897.6833976833976
Howitt Road,1350000,Flat / Apartment,1023,2,2,2,Belsize Park,London,NW3 4LJ,1319.6480938416423
Ashington Road,2500000,House,2458,5,5,5,Fulham,London,SW6 3QJ,1017.0870626525631
Winterdown Road,675000,House,915,2,2,2,Esher,Surrey,KT10 8LP,737.7049180327868
Milton Road,945000,House,1112,3,3,3,East Sheen,London,SW14 8JP,849.8201438848921
Dundee Wharf,725000,Flat / Apartment,861,2,2,2, Limehouse,London,E14 8AY,842.0441347270615
Wharfside Point South,325000,Flat / Apartment,469,1,1,1, Canary Wharf,London,E14 9EX,692.9637526652452
Myddelton Square,800000,Flat / Apartment,742,2,2,2,Finsbury,London,EC1R 1YE,1078.167115902965
Cloth Court,595000,New development,476,1,1,1,Farringdon,London,EC1A 7LS,1250.0
Edensor Gardens,425000,Flat / Apartment,740,2,2,2,Grove Park,London,W4 2QY,574.3243243243244
Lillian Road,1250000,House,1380,3,3,3,Barnes,London,SW13 9JF,905.7971014492754
Glebe Road,2100000,House,1959,5,5,5,Barnes,London,SW13 0DR,1071.9754977029097
Knowsley Road,875000,House,869,2,2,2,Battersea,London,SW11 5BL,1006.9044879171462
Poyntz Road,1095000,House,1238,3,3,3,Battersea,London,SW11 5BH,884.4911147011309
Battersea Church Road,1495000,Penthouse,1680,4,4,4,Battersea,London,SW11 3NA,889.8809523809524
Hove Court,895000,Flat / Apartment,1221,3,3,3, Wimbledon,London,SW19 4AG,733.005733005733
Birdhurst Road,650000,Flat / Apartment,1087,3,3,3,Unknown,London,SW18 1AR,597.9760809567617
Eaton Place,3500000,Flat / Apartment,1548,3,3,3,Belgravia,London,SW1X 8AD,2260.9819121447026
Chevalier House,4750000,Flat / Apartment,1559,2,2,2, Knightsbridge,London,SW3 1BW,3046.8248877485566
Macaulay Court,550000,Flat / Apartment,690,2,2,2,Macaulay Road,London,SW4 0QU,797.1014492753624
The Green,525000,Flat / Apartment,1299,3,3,3, Buckhurst Hill,Essex,IG9 5NQ,404.15704387990763
Chelsea Waterfront,4035000,New development,2174,4,4,4, Chelsea,London,SW10 0QH,1856.0257589696412
Melbourne House,1150000,Flat / Apartment,933,2,2,2,50 Kensington Place,London,W8 7PW,1232.583065380493
Peel Street,2350000,House,1327,2,2,2,Unknown,London,W8 7PA,1770.9118311981915
Parkhill,2100000,Flat / Apartment,2810,3,3,3, Esher,Surrey,KT10 9NP,747.3309608540925
Greenways,1000000,House,2590,4,4,4,Esher,Surrey,KT10 0QD,386.1003861003861
Tower Bridge Road,780000,Penthouse,1010,2,2,2,Unknown,London,SE1 2AW,772.2772277227723
Becmead Avenue,1595000,House,3260,6,6,6,Unknown,London,SW16 1UQ,489.2638036809816
Pavilion Square,1000000,House,2456,3,3,3,Unknown,London,SW17 7DN,407.1661237785016
Blandfield Road,850000,House,953,2,2,2,Unknown,London,SW12 8BQ,891.9202518363064
Beechmore Road,625000,Flat / Apartment,967,1,1,1,Unknown,London,SW11 4ET,646.3288521199586
Trott Street,1300000,House,1457,4,4,4,Battersea,London,SW11 3DS,892.2443376801647
Maunsel Street,2950000,House,2349,5,5,5,Westminster,London,SW1P 2QN,1255.8535547041295
South Park Road,995000,House,1184,3,3,3,Wimbledon,London,SW19 8SZ,840.3716216216217
Wycombe Place,1150000,House,1705,3,3,3,Unknown,London,SW18 2LT,674.4868035190616
Battersea Reach,700000,Flat / Apartment,814,2,2,2, Battersea,London,SW18 1TA,859.9508599508599
Cicada Road,575000,Flat / Apartment,619,2,2,2,Unknown,London,SW18 2NW,928.9176090468497
Southborough Road,1675000,House,1749,4,4,4,South Hackney,London,E9 7EE,957.6901086335049
Trevor Square,4500000,Flat / Apartment,1607,2,2,2,Unknown,London,SW7 1EA,2800.2489110143124
Eaton Square,820000,Flat / Apartment,992,1,1,1,Unknown,London,SW1W 9BD,826.6129032258065
Northumberland Place,2950000,House,2400,3,3,3,Richmond,Surrey,TW10 6TS,1229.1666666666667
Felsham Road,635000,Flat / Apartment,774,2,2,2,Putney,London,SW15 1BB,820.4134366925065
Langside Avenue,1995000,House,3256,5,5,5,Putney,London,SW15 5QT,612.7149877149877
Liverpool Road,1895000,House,1868,3,3,3,Islington,London,N1 0RE,1014.4539614561028
Victoria Avenue,1495000,House,2566,5,5,5,Surbiton,Surrey,KT6 5DL,582.6188620420888
Arnison Road,2250000,House,3364,5,5,5,East Molesey,Surrey,KT8 9JJ,668.8466111771701
Upper Richmond Road West,1250000,House,2032,6,6,6,Richmond,Surrey,TW10 5DY,615.1574803149606
Duckman Tower,825000,Flat / Apartment,1026,3,3,3, Canary Wharf,London,E14 9BL,804.093567251462
Clerkenwell Road,875000,Flat / Apartment,767,2,2,2,Clerkenwell,London,EC1M 5PY,1140.8083441981746
Meredyth Road,2175000,House,2108,5,5,5,Barnes,London,SW13 0DS,1031.7836812144212
Rectory Road,2250000,House,2332,5,5,5,Barnes,London,SW13 0DT,964.8370497427101
Alexandra Avenue,975000,Flat / Apartment,1100,2,2,2,Battersea,London,SW11 4DZ,886.3636363636364
Edna Street,1735000,House,2144,4,4,4,Battersea,London,SW11 3DP,809.2350746268656
Kingholme House,1375000,House,1335,3,3,3, Wimbledon,London,SW19 4RD,1029.9625468164793
Tonsley Road,1295000,House,1811,4,4,4,Unknown,London,SW18 1BG,715.0745444505798
Addison House,875000,Flat / Apartment,693,2,2,2,Grove End Road,London,NW8 9EL,1262.6262626262626
Jade Terrace,1950000,House,1873,5,5,5, South Hampstead,London,NW6 4EQ,1041.1105178857447
Edge Apartments,995000,Flat / Apartment,1243,2,2,2, Twickenham,Middlesex,TW1 4RX,800.4827031375704
Church Road,3450000,House,3825,5,5,5, Richmond,Surrey,TW10 5HG,901.9607843137255
Elsworthy Terrace,1295000,Flat / Apartment,1366,2,2,2,Unknown,London,NW3 3DR,948.0234260614934
Stanmore Hill,2500000,House,4222,6,6,6,Stanmore,Middlesex,HA7 3BY,592.1364282330649
Bickenhall Mansions,2150000,Flat / Apartment,1672,3,3,3, Marylebone,London,W1U 6BT,1285.8851674641148
Goodwood Court,800000,Flat / Apartment,548,2,2,2, Marylebone,London,W1W 5DZ,1459.85401459854
Portland Chambers,1750000,Flat / Apartment,883,2,2,2, Fitzrovia,London,W1W 6RP,1981.8799546998866
Monkhams Avenue,1250000,House,1901,4,4,4,Woodford Green,Essex,IG8 0HB,657.5486586007364
Bowden House,1178000,New development,847,2,2,2, Battersea,London,SW11 4FA,1390.7910271546634
One Bishopsgate Plaza,1285000,New development,652,1,1,1,Unknown,City Of London,EC2M 4JY,1970.8588957055215
Aubrey Road,7950000,House,3443,5,5,5,Unknown,London,W8 7JJ,2309.032820214929
Wynnstay Gardens,2150000,Flat / Apartment,1806,4,4,4,Unknown,London,W8 6UP,1190.4761904761904
Battledean Road,1895000,House,2132,5,5,5,Highbury,London,N5 1UZ,888.8367729831144
Galleria,1200000,Flat / Apartment,1355,2,2,2,29 Laycock Street,London,N1 1UR,885.6088560885609
Independent Place,725000,House,804,1,1,1,Hackney,London,E8 2HE,901.7412935323383
Wildwood Grove,1100000,House,1069,2,2,2,Hampstead,London,NW3 7HU,1028.999064546305
Gifford Gardens,1000000,New development,2258,4,4,4,Unknown,London,W7 3AS,442.8697962798937
Ternary Place,600000,New development,870,1,1,1, Ealing,London,W5 3HJ,689.6551724137931
Gloucester Road,695000,Flat / Apartment,537,1,1,1,Unknown,London,SW7 4AU,1294.2271880819367
Gosberton Road,1450000,House,1921,4,4,4,Unknown,London,SW12 8LF,754.8152004164498
Foxbourne Road,699950,Flat / Apartment,902,2,2,2,Unknown,London,SW17 8EN,775.9977827050998
Ravenslea Road,1295000,House,1674,4,4,4,Balham,London,SW12 8RT,773.5961768219832
Cranley Gardens,2600000,Flat / Apartment,1500,3,3,3,Unknown,London,SW7 3DD,1733.3333333333333
Crooked Billet,600000,House,570,2,2,2,Wimbledon,London,SW19 4RQ,1052.6315789473683
Alverstone Avenue,895000,House,900,3,3,3,Wimbledon,London,SW19 8BD,994.4444444444445
Leopold Road,1160000,Penthouse,1112,2,2,2,Wimbledon,London,SW19 7JQ,1043.1654676258993
Bloomsbury Place,500000,Flat / Apartment,622,2,2,2,Unknown,London,SW18 2JB,803.8585209003215
Chatham Place,625000,Flat / Apartment,797,2,2,2,Unknown,London,E9 6FJ,784.1907151819322
Mortimer Court,450000,Flat / Apartment,377,1,1,1,Abbey Road,London,NW8 9AD,1193.6339522546418
Lebanon Park,2750000,House,2999,7,7,7,Twickenham,Middlesex,TW1 3DG,916.972324108036
St. Quintin Avenue,899950,Flat / Apartment,1115,3,3,3,Unknown,London,W10 6PB,807.1300448430493
Pembridge Square,1250000,Flat / Apartment,649,1,1,1,Unknown,London,W2 4EH,1926.040061633282
Holland Park Avenue,1650000,Flat / Apartment,1055,2,2,2,Unknown,London,W11 4UE,1563.9810426540284
Stanley Crescent,3450000,Penthouse,1575,2,2,2,Notting Hill,London,W11 2NA,2190.4761904761904
Stanley Crescent,2975000,Flat / Apartment,1657,3,3,3,Unknown,London,W11 2NA,1795.4133977066988
Wimpole Mews,2500000,House,1266,3,3,3,Marylebone,London,W1G 8PE,1974.7235387045814
Cadogan Gardens,2150000,Flat / Apartment,1064,2,2,2,Sloane Square,London,SW3 2RE,2020.6766917293232
Park Mansions,1995000,Flat / Apartment,1053,2,2,2,Knightsbridge,London,SW1X 7QS,1894.5868945868947
Pont Street,1700000,Flat / Apartment,1045,2,2,2,Unknown,London,SW1X 0AD,1626.7942583732058
Empire House,2600000,Flat / Apartment,1722,3,3,3,Thurloe Place,London,SW7 2RU,1509.8722415795587
Cadogan Gardens,1675000,Flat / Apartment,905,2,2,2,Unknown,London,SW3 2TH,1850.828729281768
Chester Street,1495000,Flat / Apartment,776,1,1,1,Unknown,London,SW1X 7BB,1926.5463917525774
Rutland Gate,2895000,Flat / Apartment,1398,2,2,2,Unknown,London,SW7 1PJ,2070.815450643777
Rutland Gate,1450000,Flat / Apartment,675,1,1,1,Unknown,London,SW7 1BB,2148.1481481481483
Hirst Court,795000,Flat / Apartment,691,1,1,1,20 Gatliff Road,London,SW1W 8QD,1150.5065123010131
Holland Park Avenue,1895000,Flat / Apartment,1522,2,2,2,Unknown,London,W11 3QU,1245.072273324573
Imperial Court,1850000,Flat / Apartment,1480,3,3,3,4-10 Lexham Gardens,London,W8 5JH,1250.0
Campden Hill Gate,3500000,Flat / Apartment,1804,4,4,4,Duchess Of Bedford's Walk,London,W8 7QJ,1940.1330376940134
Cornwall Mansions,2895000,Flat / Apartment,1850,3,3,3,33 Kensington Court,London,W8 5BG,1564.8648648648648
Campden House,1250000,Flat / Apartment,1317,3,3,3,29 Sheffield Terrace,London,W8 7ND,949.1268033409264
Melbury Court,4250000,Flat / Apartment,2713,6,6,6,Kensington High Street,London,W8 6NH,1566.531514928124
Lexham Gardens,1300000,Flat / Apartment,1162,2,2,2,Unknown,London,W8 5JR,1118.7607573149742
Thackeray House,1175000,Flat / Apartment,793,2,2,2,Thackeray Street,London,W8 5HA,1481.7150063051702
Kensington Church Street,4450000,Penthouse,1894,3,3,3,Unknown,London,W8 7LP,2349.5248152059135
Winchester Court,1550000,Flat / Apartment,923,2,2,2,Vicarage Gate,London,W8 4AF,1679.3066088840737
Hornton Street,1300000,Flat / Apartment,914,2,2,2,Unknown,London,W8 7NP,1422.3194748358862
Vincent Close,1550000,House,2602,4,4,4,Esher,Surrey,KT10 8AW,595.695618754804
Summer Road,1325000,House,2410,5,5,5,Thames Ditton,Surrey,KT7 0QP,549.792531120332
Sheen Gate Gardens,1450000,House,1899,4,4,4,East Sheen,London,SW14 7PD,763.5597682991048
Ranmere Street,1175000,House,1503,4,4,4,Unknown,London,SW12 9QQ,781.7697937458416
Carlton Drive,795000,New development,823,2,2,2,Unknown,London,SW15 2BS,965.9781287970839
Drayton Gardens,4750000,House,3104,6,6,6,Chelsea,London,SW10 9RY,1530.2835051546392
Kings Court Mansions,799950,Flat / Apartment,890,2,2,2,721 Fulham Road,London,SW6 5PB,898.8202247191011
Lower Mall,650000,Flat / Apartment,743,2,2,2,Unknown,London,W6 9DJ,874.8317631224764
Burns Road,850000,House,1167,3,3,3,Battersea,London,SW11 5GX,728.363324764353
Candlemakers Apartments,560000,Flat / Apartment,779,1,1,1, Battersea,London,SW11 3RS,718.8703465982028
Tyneham Road,910000,House,960,3,3,3,Battersea,London,SW11 5XP,947.9166666666666
Emerson Court,399950,Flat / Apartment,621,1,1,1, Wimbledon,London,SW19 7PQ,644.0418679549115
Wimbledon Hill Road,465000,Flat / Apartment,592,1,1,1,Wimbledon,London,SW19 7QU,785.472972972973
Swanage Road,1535000,House,2352,5,5,5,Unknown,London,SW18 2DY,652.6360544217687
Lammas Road,725000,House,1344,5,5,5,Richmond,Surrey,TW10 7YD,539.4345238095239
Kenilworth Court,1295000,Flat / Apartment,1702,4,4,4, Putney,London,SW15 1HA,760.8695652173913
Oakhill Road,825000,Flat / Apartment,947,2,2,2,Putney,London,SW15 2FJ,871.1721224920802
Gloucester Avenue,1195000,Flat / Apartment,879,2,2,2,Primrose Hill,London,NW1 8JA,1359.4994311717862
Regents Park Road,1250000,Flat / Apartment,1061,2,2,2,Regent's Park,London,NW1 7SY,1178.13383600377
Harley Road,1350000,Flat / Apartment,1225,2,2,2,Unknown,London,NW3 3BN,1102.0408163265306
St Marys Avenue,1225000,House,2289,5,5,5,Northwood,Middlesex,HA6 3AY,535.1681957186545
Saxon Court,585000,Flat / Apartment,1032,2,2,2, Northwood,Middlesex,HA6 3FG,566.8604651162791
Bromells Road,550000,New development,542,1,1,1,Unknown,London,SW4 0BG,1014.760147601476
Paramount Court,985000,Flat / Apartment,677,2,2,2, Bloomsbury,London,WC1E 6JP,1454.9483013293943
Grosvenor Avenue,530000,Flat / Apartment,482,1,1,1,Highbury,London,N5 2NR,1099.585062240664
Alwyne Road,4200000,House,2968,3,3,3,Islington,London,N1 2HN,1415.0943396226414
Lawford Road,1375000,House,1340,3,3,3,Islington,London,N1 5BJ,1026.1194029850747
Amhurst Road,575000,Flat / Apartment,707,2,2,2,Hackney,London,E8 2AG,813.2956152758132
Highfields Grove,2950000,House,2740,4,4,4,Highgate,London,N6 6HN,1076.6423357664235
Basuto Road,1950000,House,1795,3,3,3, Parsons Green,Fulham,SW6 4BL,1086.350974930362
Napier Avenue,3250000,House,3156,5,5,5,Fulham,London,SW6 3PT,1029.7845373891
Ember Lane,1250000,House,1980,4,4,4,Esher,Surrey,KT10 8EQ,631.3131313131313
Sandown House,975000,Penthouse,1634,3,3,3, Esher,Surrey,KT10 9SL,596.6952264381885
Pine Walk,1100000,House,1716,4,4,4,Surbiton,Surrey,KT5 8NJ,641.025641025641
Hill House Road,900000,House,1989,3,3,3,Unknown,London,SW16 2AQ,452.4886877828054
Wards Wharf Approach,300000,Flat / Apartment,517,1,1,1,Newham,London,E16 2ER,580.2707930367504
Junction House,510000,New development,577,1,1,1, Battersea,London,SW11 2NU,883.8821490467938
Foskett Road,350000,Flat / Apartment,302,1,1,1,Fulham,London,SW6 3LY,1158.9403973509934
Sinclair Gardens,875000,Flat / Apartment,981,2,2,2,Brook Green,London,W14 0AU,891.946992864424
Kingston Vale,1095000,House,2642,3,3,3,Kingston,London,SW15 3RN,414.45874337623013
Eversley Park,3350000,House,3256,5,5,5,Wimbledon,London,SW19 4UU,1028.8697788697789
Ridgmount Road,1350000,House,1723,4,4,4,Unknown,London,SW18 2DA,783.5171213000581
Regents Park Road,950000,Flat / Apartment,817,2,2,2,Unknown,London,NW1 7TL,1162.7906976744187
Green Lane,1275000,House,2711,5,5,5,Oxhey,Hertfordshire,WD19 4NJ,470.3061600885282
Manchuria Road,975000,Flat / Apartment,1013,2,2,2,Unknown,London,SW11 6AE,962.4876604146101
Wellington Square,3950000,House,2530,6,6,6,Chelsea,London,SW3 4NW,1561.2648221343873
The Gatehouse,475000,Flat / Apartment,650,2,2,2,1 Tiltman Place,London,N7 7EE,730.7692307692307
Tollington Way,575000,New development,840,2,2,2, London,N7 6QX,N7 6RG,684.5238095238095
The Stack,599950,New development,930,3,3,3,Homerton,London,E9 6HP,645.1075268817204
Marcon Place,585000,Flat / Apartment,881,2,2,2,Hackney,London,E8 1LP,664.0181611804767
Lyndale Avenue,1750000,House,2223,4,4,4,Childs Hill,London,NW2 2QA,787.2244714349978
The Butts,2950000,House,4034,6,6,6,Brentford,Middlesex,TW8 8BJ,731.2840852751611
St. Dunstans Avenue,950000,House,1258,4,4,4,Acton,London,W3 6QH,755.1669316375198
South Bank Tower,910000,Flat / Apartment,683,1,1,1, South Bank,London,SE1 9EY,1332.3572474377745
Criffel Avenue,1849950,House,2372,5,5,5,Streatham,London,SW2 4AY,779.9114671163575
Ranelagh Mansions,700000,Flat / Apartment,758,2,2,2,New Kings Road,London,SW6 4RH,923.4828496042217
Bradmore Park Road,1275000,House,1419,3,3,3,Unknown,London,W6 0DT,898.5200845665962
South Park Road,425000,Flat / Apartment,549,1,1,1,Wimbledon,London,SW19 8TA,774.1347905282331
Rydens Road,1395000,House,3178,4,4,4,Walton-On-Thames,Surrey,KT12 3AA,438.9553178099434
Grove End Road,3000000,House,2432,4,4,4,St John's Wood,London,NW8 9LY,1233.5526315789473
Richmond Hill,2975000,House,3352,6,6,6,Richmond,Surrey,TW10 6QX,887.5298329355609
Deodar Road,775000,Flat / Apartment,990,2,2,2,Putney,London,SW15 2NJ,782.8282828282828
Rectory Grove,4950000,House,4482,7,7,7,Clapham,London,SW4 0DZ,1104.4176706827309
Muncaster Road,1850000,House,2088,4,4,4,Unknown,London,SW11 6NT,886.0153256704981
Bishops Gate,649000,New development,560,1,1,1,82-88 Fulham High Street,London,SW6 3LF,1158.9285714285713
Stonefield Street,499950,Flat / Apartment,386,1,1,1,Islington,London,N1 0HW,1295.2072538860104
Amwell Court Estate,399950,Flat / Apartment,806,3,3,3, Finsbury Park,London,N4 2NY,496.21588089330027
Packington Street,500000,Flat / Apartment,527,1,1,1,Unknown,London,N1 7EA,948.7666034155598
Dalston Lane,1085000,House,1705,3,3,3,Hackney,London,E8 1NG,636.3636363636364
Bishops Road,1595000,House,1679,4,4,4,Fulham,London,SW6 7AS,949.9702203692674
Winterdown Road,850000,House,1336,3,3,3,Esher,Surrey,KT10 8LP,636.2275449101796
Gosberton Road,1500000,House,2084,5,5,5,Unknown,London,SW12 8LE,719.7696737044146
Hoadly Road,2800000,House,4050,6,6,6,Unknown,London,SW16 1AF,691.358024691358
Landmark Place At Tower Bridge,1799995,New development,1236,2,2,2,Water Lane,London,EC3R 6EA,1456.3066343042071
Emlyn Road,2700000,House,2685,5,5,5,Stamford Brook,London,W12 9TD,1005.586592178771
Berrymede Road,1150000,House,1301,4,4,4,Chiswick,London,W4 5JD,883.935434281322
Lonsdale Road,2475000,House,2406,5,5,5,Barnes,London,SW13 9DA,1028.6783042394015
Tyneham Road,799950,House,766,2,2,2,Battersea,London,SW11 5XR,1044.3211488250652
Eaton Square,2950000,Flat / Apartment,1181,2,2,2,Belgravia,London,SW1W 9DF,2497.883149872989
Hazel Lane,2500000,House,4420,6,6,6,Richmond,Surrey,TW10 7AP,565.6108597285067
New Road,950000,House,1397,3,3,3,Richmond,Surrey,TW10 7HY,680.0286327845383
Fontarabia Road,595000,Flat / Apartment,683,1,1,1,Unknown,London,SW11 5PE,871.1566617862372
Burland Road,1495000,House,1892,5,5,5,Unknown,London,SW11 6SA,790.169133192389
Southwold Mansions,625000,Flat / Apartment,693,2,2,2, Maida Vale,London,W9 2LF,901.8759018759018
Clarendon Court,935000,Flat / Apartment,829,2,2,2,33 Maida Vale,Little Venice,W9 1AJ,1127.8648974668274
Albion Road,599995,Flat / Apartment,710,2,2,2,Unknown,London,N16 9PH,845.0633802816901
Elrington Road,1650000,House,2048,4,4,4,Hackney,London,E8 3BJ,805.6640625
Waldeck Road,525000,New development,666,1,1,1,Ealing,London,W13 8LY,788.2882882882883
Clapham Common South Side,800000,Flat / Apartment,992,2,2,2,Unknown,London,SW4 9DX,806.4516129032259
Selkirk Road,995000,House,1716,5,5,5,Unknown,London,SW17 0EP,579.8368298368298
Rookery Hill,1750000,House,3184,4,4,4,Ashtead,Surrey,KT21 1EG,549.6231155778894
Snarsgate Street,775000,House,634,2,2,2,Unknown,London,W10 6QP,1222.397476340694
Aspley Road,1595000,House,2287,5,5,5,Unknown,London,SW18 2DB,697.4202011368606
Pinnacle House,1500000,Flat / Apartment,1438,3,3,3, Juniper Drive,London,SW18 1JE,1043.115438108484
Eaton Square,3750000,Flat / Apartment,1550,2,2,2,Belgravia,London,SW1W 9BG,2419.3548387096776
Petersham Road,3250000,House,2989,4,4,4,Richmond,Surrey,TW10 7AH,1087.3201739712279
Eastfields Avenue,895000,Flat / Apartment,1039,2,2,2, Putney,London,SW18 1FU,861.4051973051011
Sandmere Road,799999,Flat / Apartment,1076,3,3,3,Unknown,London,SW4 7QH,743.4934944237918
Barnard Mews,650000,Duplex,890,2,2,2, Battersea,London,SW11 1QU,730.3370786516854
Fitzwilliam Road,1395000,House,1918,3,3,3,Unknown,London,SW4 0DN,727.3201251303441
Alderside Apartments,550000,New development,547,1,1,1, 35 Salusbury Road,London,NW6 6BF,1005.4844606946983
The Watergardens,500000,Flat / Apartment,1008,3,3,3, Woodford Green,Essex,IG8 0GD,496.031746031746
Buckingham Road,1550000,House,1378,3,3,3,De Beauvoir,London,N1 4HY,1124.8185776487662
Kings College Court,4950000,New development,3330,3,3,3,55 Primrose Hill Road,London,NW3 3EA,1486.4864864864865
Kings College Court,2850000,Flat / Apartment,1752,2,2,2,55 Primrose Hill Road,London,NW3 3EA,1626.7123287671234
Greensward House,2250000,Flat / Apartment,2557,3,3,3, Fulham,London,SW6 2TG,879.9374266718811
Ternary Place,595000,New development,807,2,2,2,North Ealing,London,W5 3HJ,737.2986369268897
Wayneflete Tower Avenue,3300000,House,6309,5,5,5,Esher,Surrey,KT10 8QG,523.0622919638612
Oaklands Road,1225000,House,1758,4,4,4,Unknown,London,SW14 8NJ,696.8145620022754
Limehouse Wharf,1350000,Flat / Apartment,2264,2,2,2, Canary Wharf,London,E14 8BP,596.2897526501766
Lime Quarter,545000,New development,773,2,2,2,Bow,London,E3 3PJ,705.0452781371281
Leythe Road,1195000,House,1668,4,4,4,Acton,London,W3 8AW,716.4268585131895
Carlton House,822500,New development,869,2,2,2, Putney,London,SW15 2BS,946.4902186421174
Parliament View Apartments,1345000,Flat / Apartment,1030,3,3,3,1 Albert Embankment,London,SE1 7XL,1305.8252427184466
The Tower,1400000,Flat / Apartment,1145,2,2,2, Vauxhall,London,SW8 2BW,1222.707423580786
Peninsula Heights,1750000,Flat / Apartment,1232,2,2,2,93 Albert Embankment,London,SE1 7TY,1420.4545454545455
Liverpool Road,2895000,House,3660,6,6,6,Kingston upon Thames,Surrey,KT2 7SX,790.983606557377
Chester Close North,2350000,House,1844,4,4,4,Regent's Park,London,NW1 4JE,1274.403470715835
Elm Tree Court,1075000,Flat / Apartment,1142,3,3,3,Elm Tree Road,London,NW8 9JT,941.3309982486866
Gayville Road,1350000,House,1637,4,4,4,Unknown,London,SW11 6JW,824.679291386683
Green Street,2250000,Flat / Apartment,1348,2,2,2,Mayfair,London,W1K 6RG,1669.139465875371
Northstand Apartments,699950,Flat / Apartment,787,2,2,2,Highbury Stadium Square,London,N5 1FN,889.3900889453621
Highbury Hill,1425000,House,1761,3,3,3,Highbury,London,N5 1AU,809.1993185689948
Reliance Wharf,435000,Flat / Apartment,527,1,1,1,Islington,London,N1 5ET,825.426944971537
Pattison Road,2950000,House,3300,5,5,5,Unknown,London,NW2 2HJ,893.939393939394
Ternary Place,645000,New development,904,2,2,2, Ealing,London,W5 3HJ,713.4955752212389
Pavilion Park,995000,New development,1681,3,3,3, East Molesey,Surrey,KT8 9DX,591.9095776323617
Sheen Common Drive,5500000,House,5453,6,6,6,Richmond,Surrey,TW10 5BN,1008.6191087474784
Nightingale Square,2500000,House,2413,5,5,5,Unknown,London,SW12 8QJ,1036.0547036883547
Gaskarth Road,1200000,House,1585,4,4,4,Unknown,London,SW12 9NN,757.0977917981072
Cambridge Road,1750000,House,1891,5,5,5,Barnes,London,SW13 0PG,925.4362771020624
Mirabel Road,725000,Flat / Apartment,924,3,3,3,Fulham,London,SW6 7EH,784.6320346320347
Tyneham Road,850000,House,780,2,2,2,Battersea,London,SW11 5XR,1089.7435897435898
Princes Road,2249000,House,2600,5,5,5,Wimbledon,London,SW19 8RB,865.0
Old York Road,475000,Flat / Apartment,598,1,1,1,Unknown,London,SW18 1TQ,794.314381270903
Tritton House,525000,New development,558,1,1,1,3 Ryeland Boulevard,London,SW18 1UF,940.8602150537635
Gore Road,370000,Flat / Apartment,400,1,1,1,South Hackney,London,E9 7HW,925.0
Calvin Street,2500000,Flat / Apartment,2132,2,2,2,Spitalfields,London,E1 6NW,1172.607879924953
Hillside Rise,700000,Bungalow,1301,3,3,3,Northwood,Middlesex,HA6 1RR,538.0476556495004
Bennerley Road,1595000,House,2046,4,4,4,Unknown,London,SW11 6DR,779.5698924731183
Delaware Mansions,715000,Flat / Apartment,764,2,2,2, Maida Vale,London,W9 2LL,935.8638743455498
Carlton Mansions,985000,Flat / Apartment,978,2,2,2, Maida Vale,London,W9 1NR,1007.157464212679
Great Portland Street,4850000,Penthouse,1518,3,3,3,Fitzrovia,London,W1W 7LS,3194.9934123847165
The Uplands,1695000,House,3683,5,5,5,Loughton,Essex,IG10 1NH,460.2226445832202
High Silver,1095000,House,1728,4,4,4,Loughton,Essex,IG10 4EL,633.6805555555555
Monkhams Avenue,1325000,House,2659,5,5,5,Woodford Green,Essex,IG8 0ER,498.307634449041
Buckingham Road,699950,House,1255,1,1,1,Islington,London,N1 4JA,557.7290836653386
Bromyard House,350000,Flat / Apartment,420,1,1,1, Acton,London,W3 7FG,833.3333333333334
Claremont Drive,2000000,House,3556,6,6,6,Esher,Surrey,KT10 9LU,562.429696287964
Lynwood Road,1095000,House,2442,5,5,5,Thames Ditton,Surrey,KT7 0DN,448.4029484029484
York Avenue,3250000,House,3467,6,6,6,East Sheen,London,SW14 7LQ,937.4098644361119
Badminton Road,899950,Flat / Apartment,939,2,2,2,Unknown,London,SW12 8BN,958.4132055378062
Landmark Place At Tower Bridge,2166000,New development,1236,2,2,2,Water Lane,London,EC3R 6EA,1752.4271844660195
Junction House,480000,New development,577,1,1,1, Battersea,London,SW11 2NU,831.8890814558059
Elsham Road,825000,Flat / Apartment,869,2,2,2,Brook Green,London,W14 8HB,949.367088607595
"Park Terrace, Warriner Gardens",2950000,New development,2768,4,4,4,Battersea,London,SW11 4XW,1065.7514450867052
Southlands Drive,585000,Flat / Apartment,784,2,2,2,Wimbledon,London,SW19 5QF,746.1734693877551
Smith Terrace,2975000,House,2041,3,3,3,Chelsea,London,SW3 4DL,1457.6188143067125
The Close,680000,House,1125,3,3,3,Richmond,Surrey,TW9 4QW,604.4444444444445
Thornton Place,899000,New development,982,2,2,2,Clapham Common North Side,London,SW4 0AB,915.4786150712831
Shaftesbury,675000,House,1153,4,4,4,Loughton,Essex,IG10 1HN,585.429314830876
Upshirebury Green,475000,House,890,2,2,2,Waltham Abbey,Essex,EN9 3SU,533.7078651685393
Coppice Row,1265000,House,2568,5,5,5, Epping,Essex,CM16 7DN,492.601246105919
Stokesheath Road,3500000,House,11077,6,6,6,Oxshott,Surrey,KT22 0PS,315.9700279859168
Holland Street,3500000,House,2401,4,4,4,Unknown,London,W8 4NA,1457.725947521866
John Spencer Square,599995,Flat / Apartment,528,1,1,1,Unknown,London,N1 2LZ,1136.3541666666667
Kingsland Road,550000,Flat / Apartment,736,2,2,2,Hackney,London,E8 4EG,747.2826086956521
Calbourne Road,1325000,House,1595,4,4,4,Unknown,London,SW12 8LW,830.7210031347962
Balham Park Road,2400000,House,2850,6,6,6,Unknown,London,SW12 8DZ,842.1052631578947
Streathbourne Road,2500000,House,3525,6,6,6,Unknown,London,SW17 8QY,709.2198581560284
Phoenix Wharf,1150000,Flat / Apartment,1302,2,2,2, Limehouse,London,E14 8DQ,883.2565284178187
Lock Side Way,550000,New development,1023,2,2,2,Royal Albert Wharf,London,E16 2QJ,537.6344086021505
City Walk Apartments,690000,Flat / Apartment,753,2,2,2, Clerkenwell,London,EC1V 3RF,916.3346613545817
Worship Street,1175000,Flat / Apartment,949,2,2,2,Clerkenwell,London,EC2A 2AH,1238.145416227608
Thornton Avenue,2000000,House,2222,5,5,5,Chiswick,London,W4 1QG,900.0900090009001
Bishops Gate,1045000,New development,810,2,2,2, Fulham High Street,Fulham,SW6 3LF,1290.1234567901236
Yvon House,699950,Flat / Apartment,848,2,2,2, Battersea,London,SW11 4GA,825.4127358490566
Holden Street,900000,House,1223,3,3,3,Battersea,London,SW11 5UP,735.8953393295176
Matthews Street,875000,House,1061,3,3,3,Battersea,London,SW11 5AB,824.693685202639
King Edwards Road,1695000,House,1938,4,4,4,South Hackney,London,E9 7SF,874.6130030959753
Lords View,845000,Flat / Apartment,960,2,2,2, St. John's Wood,London,NW8 7HL,880.2083333333334
Sovereign Mews,850000,House,1213,4,4,4, Hackney,London,E2 8ER,700.7419620774938
Princelet Street,2000000,Flat / Apartment,2401,3,3,3,Unknown,Spitalfields,E1 6QH,832.9862557267805
Eaton Square,3250000,Flat / Apartment,1509,1,1,1,Belgravia,London,SW1W 9DF,2153.744201457919
Egbert Street,1750000,Flat / Apartment,1239,3,3,3,Primrose Hill,London,NW1 8LJ,1412.4293785310736
Heathside Close,1250000,House,1880,4,4,4,Moor Park,Middlesex,HA6 2EQ,664.8936170212766
Birchside Apartments,550000,New development,562,1,1,1, Queens Park,London,NW6 5FS,978.6476868327402
Wimpole Mews,1050000,Flat / Apartment,1309,3,3,3,Marylebone,London,W1G 8PD,802.1390374331551
Portman Mansions,1095000,Flat / Apartment,945,1,1,1, Marylebone,London,W1U 6NT,1158.7301587301588
Upshirebury Green,1195000,House,2737,4,4,4,Waltham Abbey,Essex,EN9 3ST,436.60942637924734
Eldon Grove,1100000,Flat / Apartment,985,3,3,3,Hampstead,London,NW3 5PT,1116.751269035533
Frognal Lane,3000000,Flat / Apartment,2427,4,4,4,Hampstead,London,NW3 7DU,1236.0939431396787
Pursers Cross Road,2150000,House,2416,5,5,5,Fulham,London,SW6 4QZ,889.9006622516556
Temple Sheen Road,1800000,House,2129,5,5,5,East Sheen,London,SW14 7RS,845.4673555659934
Spencer Gardens,1295000,House,1248,3,3,3,Unknown,London,SW14 7AH,1037.6602564102564
Graveney Road,1125000,House,2137,5,5,5,Unknown,London,SW17 0EG,526.4389330837623
Ravenswood Road,1025000,House,1556,4,4,4,Unknown,London,SW12 9PN,658.7403598971722
Foxbourne Road,1675000,House,2346,5,5,5,Unknown,London,SW17 8EW,713.9812446717817
Weltje Road,2750000,House,3251,7,7,7,Ravenscourt Park,London,W6 9LT,845.8935712088588
Finborough Road,500000,Flat / Apartment,670,1,1,1,Unknown,London,SW10 9DA,746.2686567164179
Dewhurst Road,2520000,House,2638,5,5,5,Brook Green,London,W14 0ES,955.2691432903715
Sinclair Road,865000,Flat / Apartment,1023,2,2,2,Unknown,London,W14 0NP,845.5522971652003
Lurline Gardens,700000,Flat / Apartment,875,2,2,2,Battersea,London,SW11 4DB,800.0
Orbel Street,1350000,House,1295,3,3,3,Battersea,London,SW11 3NX,1042.4710424710424
Riverwalk,3450000,Flat / Apartment,1215,2,2,2, Westminster,London,SW1P 4FA,2839.5061728395062
Birdhurst Road,775000,Flat / Apartment,1066,3,3,3,Unknown,London,SW18 1AR,727.016885553471
Wilna Road,1195000,House,1697,4,4,4,Unknown,London,SW18 3AY,704.1838538597525
Bradstock Road,725000,Penthouse,1200,3,3,3,Hackney,London,E9 5BZ,604.1666666666666
Ashby Street,700000,Flat / Apartment,606,2,2,2,Clerkenwell,London,EC1V 0ED,1155.1155115511551
Seward Street,695000,Flat / Apartment,796,2,2,2,Clerkenwell,London,EC1V 3PA,873.1155778894472
Moor Lane,1299000,Flat / Apartment,827,2,2,2,City Of London,London,EC2Y 9BA,1570.7376058041114
Hans Road,5950000,Flat / Apartment,2817,3,3,3,Knightsbridge,London,SW3 1RW,2112.1760738374155
Richmond Hill,595000,Flat / Apartment,786,2,2,2,Richmond,Surrey,TW10 6QX,756.9974554707379
Onslow Avenue,2100000,House,2296,4,4,4,Richmond,Surrey,TW10 6QB,914.6341463414634
Rotherwood Road,1475000,House,1894,4,4,4,Putney,London,SW15 1LA,778.7750791974656
Larpent Avenue,2950000,House,3336,7,7,7,Putney,London,SW15 6UU,884.2925659472422
Granard Road,450000,Flat / Apartment,570,2,2,2,Unknown,London,SW12 8UJ,789.4736842105264
Worcester Gardens,550000,Flat / Apartment,672,2,2,2,Unknown,London,SW11 6LR,818.452380952381
Pall Mall,2250000,Flat / Apartment,1297,2,2,2,St James's,London,SW1Y 5JH,1734.7725520431766
Connaught Avenue,2750000,House,4925,6,6,6,Loughton,Essex,IG10 4DS,558.3756345177665
Wollaton House,599950,Flat / Apartment,734,1,1,1, Islington,London,N1 0EY,817.3705722070845
Aberdeen Road,650000,Flat / Apartment,667,1,1,1,Unknown,London,N5 2XA,974.512743628186
Sandilands Road,850000,House,900,2,2,2,Fulham,London,SW6 2BD,944.4444444444445
Edenvale Street,825000,Flat / Apartment,1027,3,3,3,Fulham,London,SW6 2SF,803.3106134371957
Linver Road,1850000,House,1678,5,5,5,Fulham,London,SW6 3RB,1102.502979737783
Doulton House,1750000,Flat / Apartment,1390,3,3,3,11 Park Street,London,SW6 2FT,1258.9928057553957
Lilyville Road,3150000,House,3100,5,5,5,Fulham,London,SW6 5DP,1016.1290322580645
Second Avenue,599950,Flat / Apartment,1128,3,3,3,Acton,London,W3 7RX,531.8705673758865
St. Marys Road,1995000,House,3605,6,6,6, Surbiton,Surrey,KT6 5EU,553.3980582524272
Ember Lane,1595000,House,3304,6,6,6,Esher,Surrey,KT10 8DZ,482.74818401937046
Cornwall Gardens,1195000,Flat / Apartment,752,2,2,2,Unknown,London,SW7 4BA,1589.095744680851
Sheen Common Drive,2650000,House,2229,4,4,4,Richmond,Surrey,TW10 5BN,1188.8739344997757
Aberdeen Wharf,950000,Flat / Apartment,973,2,2,2,94 Wapping High Street,London,E1W 2ND,976.3617677286742
Bishops Gate,1050000,New development,817,2,2,2,82-88 Fulham High Street,London,SW6 3LF,1285.1897184822521
Bishops Gate,695000,New development,678,2,2,2,82-88 Bishops Gate,Fulham High Street,SW6 3LF,1025.0737463126843
Montem Terrace,3895000,New development,4453,6,6,6,35A Arterberry Road,London,SW20 8AG,874.69121940265
Belvedere Heights,425000,Flat / Apartment,502,1,1,1, St. John's Wood,London,NW8 8HZ,846.6135458167331
Ashley Gardens,1300000,House,2484,4,4,4,Richmond,Surrey,TW10 7BU,523.3494363929146
West Hill,439000,Flat / Apartment,670,2,2,2,Putney,London,SW15 2UF,655.223880597015
Westbourne Park Road,4500000,House,2742,6,6,6,Notting Hill,London,W2 5PH,1641.1378555798688
Lynette Avenue,599950,Flat / Apartment,689,1,1,1,Unknown,London,SW4 9HD,870.7547169811321
Ronalds Road,1500000,House,1327,4,4,4,Highbury,London,N5 1XB,1130.3692539562924
Cloudesley Street,625000,Flat / Apartment,513,1,1,1,Islington,London,N1 0HX,1218.3235867446394
Tottenham Road,499999,Flat / Apartment,700,1,1,1,De Beauvoir,London,N1 4BD,714.2842857142857
Hertford Road,435000,Flat / Apartment,565,1,1,1,Unknown,London,N1 5SH,769.9115044247787
Dartmouth Park Road,850000,Flat / Apartment,743,2,2,2,Unknown,London,NW5 1SN,1144.0107671601615
The Chase,2695000,House,3125,4,4,4,Unknown,London,SW4 0NH,862.4
Wavendon Avenue,2250000,House,2389,5,5,5,Chiswick,London,W4 4NR,941.816659690247
Chiswick,1700000,House,2033,5,5,5,Unknown,London,W4 3HA,836.2026561731432
Old Brompton Road,3450000,House,2160,4,4,4,Unknown,London,SW7 3RA,1597.2222222222222
Castelnau,3250000,House,3098,5,5,5,Barnes,London,SW13 9ET,1049.0639122014202
Dorville Crescent,650000,Flat / Apartment,650,2,2,2,Unknown,London,W6 0HJ,1000.0
Television Centre,1395000,Flat / Apartment,981,2,2,2,101 Wood Lane,London,W12 7FT,1422.0183486238532
Alexander Court,475000,Flat / Apartment,705,2,2,2,Wandsworth Common West Side,London,SW18 2EJ,673.7588652482269
Hotham Road,1250000,House,1810,3,3,3,Putney,London,SW15 1QJ,690.6077348066299
Danemere Street,1150000,House,1468,3,3,3,Putney,London,SW15 1LT,783.3787465940054
Meadowbank,625000,House,1213,4,4,4, Watford,Hertfordshire,WD19 4NP,515.2514427040396
Copperbeech Court,575000,Flat / Apartment,1092,2,2,2, Northwood,Middlesex,HA6 2YJ,526.5567765567765
North Side Wandsworth Common,695000,Flat / Apartment,815,2,2,2,Unknown,London,SW18 2SL,852.760736196319
Manchuria Road,2100000,House,2325,5,5,5,Unknown,London,SW11 6AE,903.2258064516129
Mandalay Road,750000,Flat / Apartment,838,2,2,2,Unknown,London,SW4 9ED,894.9880668257756
Shelgate Road,1399000,House,1456,3,3,3,Battersea,London,SW11 1BQ,960.8516483516484
Pearson Square,4750000,Penthouse,1774,3,3,3,Fitzrovia,London,W1T 3BJ,2677.564825253664
Canonbury Lane,2275000,House,1969,4,4,4,Islington,London,N1 2AP,1155.4088369730828
Lofting Road,599950,Flat / Apartment,657,2,2,2,Islington,London,N1 1ET,913.165905631659
Palewell Park,1995000,House,2707,5,5,5,East Sheen,London,SW14 8JH,736.9782046545992
Kings Road,899000,House,1109,3,3,3,Unknown,London,SW14 8PF,810.6402164111812
Richmond Park Road,1575000,House,2050,5,5,5,Unknown,London,SW14 8JU,768.2926829268292
Osprey Court,850000,Flat / Apartment,655,1,1,1,Star Place,London,E1W 1AG,1297.7099236641222
Fernside Road,1250000,House,1683,4,4,4,Unknown,London,SW12 8LN,742.721330956625
Paddenswick Road,3750000,House,3391,5,5,5,Ravenscourt Park,London,W6 0UA,1105.8684753759953
Bollo Lane,995000,House,1423,5,5,5,Chiswick,London,W4 5LT,699.2269852424455
Devonshire Road,850000,House,1163,3,3,3,Chiswick,London,W4 2HD,730.8684436801376
Grove Court,2400000,Flat / Apartment,1898,4,4,4,Drayton Gardens,London,SW10 9QY,1264.4889357218124
Kathleen Road,599950,Flat / Apartment,830,3,3,3,Battersea,London,SW11 2JR,722.8313253012049
Huntspill Street,875000,House,1334,5,5,5,Unknown,London,SW17 0AA,655.9220389805098
Eamont Court,675000,Flat / Apartment,602,2,2,2, St. Johns Wood,London,NW8 7DG,1121.2624584717607
Murray Street,735000,Flat / Apartment,953,2,2,2,Camden,London,NW1 9RE,771.2486883525709
Mandalay Road,925000,Flat / Apartment,1082,2,2,2,Unknown,London,SW4 9ED,854.898336414048
Mapesbury Road,1300000,House,2547,5,5,5,Brondesbury,London,NW2 4HJ,510.4043973301924
Birds Hill Road,7500000,House,12526,7,7,7,Oxshott,Surrey,KT22 0NJ,598.7545904518602
Hereford Square,7450000,House,3997,6,6,6,South Kensington,London,SW7 4TS,1863.897923442582
Wilton Place,8250000,House,3188,5,5,5,Belgravia,London,SW1X 8RL,2587.8293601003766
College Cross,2395000,House,2212,4,4,4,Islington,London,N1 1PT,1082.7305605786619
Northchurch Road,500000,Flat / Apartment,675,1,1,1,Islington,London,N1 3FL,740.7407407407408
Canonbury Park South,2550000,House,2241,5,5,5,Canonbury,London,N1 2JG,1137.8848728246319
Upper Place,600000,New development,721,2,2,2, Clapton,London,E5 9BU,832.1775312066575
City Mills Apartments,590000,Flat / Apartment,702,2,2,2,Lee Street,London,E8 4FB,840.4558404558404
Eagle Mews,550000,House,674,2,2,2,Tottenham Road,London,N1 4ST,816.0237388724036
Brookville Road,1650000,House,1716,5,5,5, Fulham,London,SW6 7BH,961.5384615384615
Culmington Road,1250000,House,1700,4,4,4,Ealing,London,W13 9NB,735.2941176470588
Ravens Close,475000,Flat / Apartment,645,2,2,2,Surbiton,Surrey,KT6 4QG,736.4341085271318
Pavilion Park,425000,New development,603,1,1,1, East Molesey,Surrey,KT8 9DX,704.8092868988391
Liberty House,599000,Flat / Apartment,830,2,2,2,Ensign Street,London,E1 8JA,721.6867469879518
Chestnut Grove,1325000,House,1800,4,4,4,Unknown,London,SW12 8JG,736.1111111111111
Cottenham Park Road,1350000,Flat / Apartment,1862,3,3,3,Wimbledon,London,SW20 0RZ,725.0268528464018
Craven Gardens,1225000,House,1681,4,4,4,Wimbledon,London,SW19 8LU,728.7328970850684
Southlands Drive,650000,Flat / Apartment,779,2,2,2,Wimbledon,London,SW19 5QH,834.403080872914
Springfield Road,6950000,House,3911,6,6,6,St. John's Wood,London,NW8 0QN,1777.0391204295577
Loudoun Road,4495000,House,2607,4,4,4,St. John's Wood,London,NW8 0LT,1724.2040659762179
Norfolk Mansions,599950,Flat / Apartment,969,3,3,3, Putney,London,SW18 1NU,619.1434468524252
The Glass House,465000,Flat / Apartment,461,1,1,1, Putney,London,SW15 1PR,1008.6767895878525
Harley Road,749950,Flat / Apartment,650,2,2,2,Unknown,London,NW3 3BN,1153.7692307692307
Altenburg Gardens,1050000,Flat / Apartment,1155,2,2,2,Unknown,London,SW11 1JL,909.0909090909091
Harbut Road,650000,Flat / Apartment,684,2,2,2,Unknown,London,SW11 2RB,950.2923976608187
Lavender Gardens,775000,Flat / Apartment,928,2,2,2,Unknown,London,SW11 1DN,835.1293103448276
Basilica Mews,2100000,New development,2132,4,4,4,Unknown,Thurleigh Road,SW12 8UF,984.9906191369606
Kings Hill,1075000,House,2096,4,4,4,Loughton,Essex,IG10 1HY,512.8816793893129
Oakley Road,625000,Flat / Apartment,676,1,1,1,Unknown,London,N1 3LL,924.5562130177515
The Pryors,1800000,Flat / Apartment,1405,3,3,3, Hampstead,London,NW3 1BS,1281.1387900355871
Gosberton Road,775000,Flat / Apartment,1368,3,3,3,Unknown,London,SW12 8LG,566.5204678362574
Chiswick High Road,2050000,New development,2875,4,4,4,Chiswick,London,W4 5RG,713.0434782608696
Lonsdale Road,775000,Flat / Apartment,936,2,2,2,Barnes,London,SW13 9PY,827.991452991453
Dalebury Road,885000,Flat / Apartment,1258,2,2,2,Unknown,London,SW17 7HH,703.4976152623211
Rosenau Road,2400000,House,2803,6,6,6,Battersea,London,SW11 4QX,856.2254727078131
Circle Gardens,825000,House,1388,3,3,3,Wimbledon,London,SW19 3JU,594.3804034582132
Queens Road,2250000,House,2946,4,4,4,Kingston upon Thames,Surrey,KT2 7SN,763.7474541751527
Vanderbilt Road,1125000,House,1566,5,5,5,Unknown,London,SW18 3BG,718.3908045977012
Alma Road,1000000,House,1306,4,4,4,Wandsworth,London,SW18 1AH,765.6967840735069
Kennet House,350000,Flat / Apartment,670,2,2,2, Lisson Grove,London,NW8 8HB,522.3880597014926
Church Road,600000,House,1041,2,2,2,Northwood,Middlesex,HA6 1AR,576.3688760806916
Clarendon Road,3600000,House,1831,5,5,5,Notting Hill,London,W11 2HW,1966.1387220098306
Roseneath Road,2050000,House,2202,3,3,3,Unknown,London,SW11 6AG,930.9718437783832
Cologne Road,765000,Duplex,992,2,2,2,St John's Hill,London,SW11 2AJ,771.1693548387096
Randolph Avenue,1675000,Flat / Apartment,1101,2,2,2,Little Venice,London,W9 1DW,1521.3442325158946
Montagu Square,1375000,Flat / Apartment,1002,2,2,2,Marylebone,London,W1H 2LW,1372.255489021956
Harley Place,1350000,Mews,993,2,2,2,Marylebone,London,W1G 8QE,1359.5166163141994
Victoria Road,8850000,House,3813,5,5,5,Unknown,London,W8 5RF,2321.0070810385523
Edwardes Square,3850000,House,2285,4,4,4,Unknown,London,W8 6HE,1684.9015317286653
Canonbury Square,2500000,House,2537,6,6,6,Islington,London,N1 2AU,985.4158454867954
Tollington Way,575000,New development,840,2,2,2, London,N7 6QX,N7 6RG,684.5238095238095
Compton Avenue,4650000,House,4653,7,7,7,Highgate,London,N6 4LH,999.3552546744036
New Road,4950000,House,7043,6,6,6,Esher,Surrey,KT10 9PG,702.8255004969474
Pavilion Park,555000,New development,753,2,2,2, East Molesey,Surrey,KT8 9DX,737.0517928286853
Courtfield Gardens,3750000,Flat / Apartment,1902,4,4,4,Unknown,London,SW5 0PH,1971.608832807571
Buxton Road,1050000,House,1338,3,3,3,Unknown,London,SW14 8SY,784.7533632286995
Newark Street,1775000,House,2200,4,4,4,Unknown,London,E1 2AA,806.8181818181819
Lime Quarter,550000,New development,773,2,2,2,Bow,London,E3 3PJ,711.5135834411384
Marlborough Road,2700000,House,2953,7,7,7,Chiswick,London,W4 4ET,914.3244158482898
Chiswick Village,399950,Flat / Apartment,580,2,2,2,Gunnersbury,London,W4 3BY,689.5689655172414
Carlton House,595000,New development,545,1,1,1,Carlton Drive,London,SW15 2BS,1091.7431192660551
Fulham Road,3200000,House,2988,4,4,4,Unknown,London,SW10 9TU,1070.95046854083
Siddal Apartments,675000,Flat / Apartment,778,2,2,2, Elephant Park,London,SE17 1FQ,867.6092544987147
Darlaston Road,765000,New development,864,2,2,2,Wimbledon,London,SW19 4LF,885.4166666666666
Tranmere Road,800000,Flat / Apartment,1428,4,4,4,Unknown,London,SW18 3QT,560.2240896358544
St. Johns Wood Road,835000,Flat / Apartment,651,1,1,1,St. John's Wood,London,NW8 8RE,1282.642089093702
Sheen Road,1200000,House,1662,4,4,4,Richmond,Surrey,TW9 1YJ,722.0216606498195
Portland Chambers,2395000,Flat / Apartment,1160,2,2,2, Fitzrovia,London,W1W 6RP,2064.655172413793
Devonshire Place Mews,3250000,House,1738,3,3,3,Marylebone,London,W1G 6DD,1869.9654775604142
Chelsea Waterfront,2990000,New development,1451,3,3,3, Chelsea,London,SW10 0QH,2060.6478290833907
Thornhill Crescent,499950,Flat / Apartment,388,1,1,1,Unknown,London,N1 1BJ,1288.5309278350514
Worple Street,1800000,House,4225,5,5,5,Mortlake,London,SW14 8HE,426.03550295857985
Vicarage Road,2300000,House,2800,6,6,6,East Sheen,London,SW14 8RU,821.4285714285714
Hatton Place,835000,Flat / Apartment,704,2,2,2,Clerkenwell,London,EC1N 8RU,1186.0795454545455
Lonsdale Road,2200000,House,2354,5,5,5, Chiswick,London,W4 1ND,934.5794392523364
Sinclair Road,700000,Flat / Apartment,680,1,1,1,Unknown,London,W14 0NR,1029.4117647058824
Queen Anne's Gate,2775000,Flat / Apartment,1711,3,3,3,St. James's,London,SW1H 9AA,1621.8585622443015
Chapman Square,750000,Flat / Apartment,1076,3,3,3,Wimbledon,London,SW19 5QT,697.0260223048327
Burntwood Grange Road,1195000,House,1538,3,3,3,Unknown,London,SW18 3JY,776.9830949284785
Melody Road,1425000,House,2173,5,5,5,Wandsworth,London,SW18 2QG,655.775425678785
Northiam Street,380000,Flat / Apartment,420,1,1,1,South Hackney,London,E9 7HQ,904.7619047619048
Middlefield Close,899950,House,2915,5,5,5, Coulsdon,Surrey,CR5 3NX,308.73070325900517
Fairfax Mews,2000000,House,2149,5,5,5,Putney,London,SW15 6FF,930.6654257794323
Nicholas Way,2995000,House,5517,7,7,7,Northwood,Middlesex,HA6 2TR,542.8675004531448
Althorp Road,1490000,House,1875,5,5,5,Bellevue Village,London,SW17 7ED,794.6666666666666
Hillier Road,1750000,House,2364,5,5,5,Unknown,London,SW11 6AX,740.2707275803723
Basilica Mews,2000000,New development,2347,4,4,4,Unknown,Thurleigh Road,SW12 8UF,852.151682999574
The Printworks,710000,New development,818,2,2,2, Crouch End,London,N8 9BU,867.9706601466993
Bishops Gate,915000,New development,810,2,2,2,82-88 Fulham High Street,London,SW6 3LF,1129.6296296296296
Theberton Street,2000000,House,2078,4,4,4,Barnsbury,London,N1 0QY,962.4639076034649
Halton Road,425000,Flat / Apartment,495,1,1,1,Canonbury,London,N1 2EN,858.5858585858585
Hornsey Street,499950,Flat / Apartment,656,2,2,2,Lower Holloway,London,N7 8HE,762.1189024390244
Wentworth Mansions,1050000,Flat / Apartment,1186,3,3,3,Keats Grove,London,NW3 2RL,885.3288364249578
Hurlingham Square,1150000,House,1906,5,5,5, Fulham,London,SW6 3DZ,603.3578174186779
Christchurch Road,1825000,House,2100,4,4,4,Unknown,London,SW14 7AB,869.047619047619
Tantallon Road,1325000,House,1795,4,4,4,Unknown,London,SW12 8DQ,738.1615598885794
Airedale Road,1450000,House,1950,4,4,4,Unknown,London,SW12 8SF,743.5897435897435
Liberty Mews,895000,House,1112,3,3,3,Unknown,London,SW12 8EE,804.8561151079136
Landmark Place At Tower Bridge,1499995,New development,1142,2,2,2,Water Lane,London,EC3R 6EA,1313.4807355516637
Esmond Road,550000,Flat / Apartment,853,2,2,2,Chiswick,London,W4 1JG,644.7831184056272
Elm Park Mansions,550000,Flat / Apartment,500,1,1,1,Park Walk,London,SW10 0AN,1100.0
Archway Street,1050000,House,1261,3,3,3,Barnes,London,SW13 0AR,832.6724821570183
Gerard Road,2750000,House,2637,4,4,4,Barnes,London,SW13 9RG,1042.8517254455821
Warriner Gardens,1785000,House,2061,5,5,5,Battersea,London,SW11 4DU,866.0844250363901
Selhurst Close,375000,Flat / Apartment,515,1,1,1,Wimbledon,London,SW19 6AY,728.1553398058253
Lowndes Square,5500000,Flat / Apartment,1973,3,3,3,Belgravia,London,SW1X 9JX,2787.6330461226557
Mount Ararat Road,2850000,House,3008,5,5,5,Richmond,Surrey,TW10 6PQ,947.4734042553191
Mount Ararat Road,2450000,House,2300,5,5,5,Richmond,Surrey,TW10 6PH,1065.2173913043478
Copse Wood Way,1600000,House,2071,4,4,4,Northwood,Middlesex,HA6 2TZ,772.573635924674
Hale End Road,450000,Flat / Apartment,790,2,2,2,Woodford Green,Essex,IG8 9LL,569.620253164557
Bishops Gate,2000000,New development,1688,4,4,4,82-88 Fulham High Street,London,SW6 3LF,1184.8341232227488
Offord Road,1595000,House,1828,3,3,3,Barnsbury,London,N1 1PF,872.5382932166302
Walpole Court,600000,Flat / Apartment,780,2,2,2,27-33 Fairfax Road,London,NW6 4ES,769.2307692307693
Pavilion Park,545000,New development,767,2,2,2, East Molesey,Surrey,KT8 9DX,710.5606258148631
Ormeley Road,995000,House,1310,4,4,4,Unknown,London,SW12 9QG,759.5419847328244
Valetta Road,1050000,House,1355,4,4,4,Wendell Park,London,W3 7TQ,774.9077490774907
Hudson House,1385000,Flat / Apartment,990,3,3,3,Hortensia Road,London,SW10 0QR,1398.989898989899
Claremont Lodge,650000,Flat / Apartment,1106,2,2,2, Wimbledon,London,SW20 8UA,587.7034358047016
Albert Court,10950000,Flat / Apartment,3111,3,3,3,Prince Consort Road,London,SW7 2BH,3519.76856316297
Wimbledon Park Road,375000,Flat / Apartment,525,1,1,1,Putney,London,SW18 5SJ,714.2857142857143
Normanby Close,899000,House,1168,3,3,3,Putney,London,SW15 2RL,769.6917808219179
Sefton Street,995000,House,1055,3,3,3,Putney,London,SW15 1NA,943.127962085308
Werter Road,1695000,House,2368,5,5,5,Putney,London,SW15 2LJ,715.793918918919
Lockyer House,495000,Flat / Apartment,815,2,2,2, Putney,London,SW15 1EE,607.361963190184
Ainger Road,775000,Flat / Apartment,665,2,2,2,Primrose Hill,London,NW3 3AR,1165.4135338345864
The Drive,950000,House,2348,4,4,4,Northwood,Middlesex,HA6 1HW,404.5996592844974
Halland Way,1750000,House,4387,4,4,4,Northwood,Middlesex,HA6 2BY,398.90585821746066
Thornton Place,1150000,Flat / Apartment,1582,3,3,3,Clapham Common North Side,London,SW4 0AB,726.9279393173199
Sheldon Avenue,4400000,House,4102,5,5,5,Highgate,London,N6 4JS,1072.6474890297416
Bartholomew Road,2300000,House,2362,5,5,5,Kentish Town,London,NW5 2AJ,973.7510584250635
Eaton Rise,775000,New development,983,3,3,3,Unknown,London,W5 2HE,788.4028484231943
Nevern Mansions,625000,Flat / Apartment,676,1,1,1,42 Warwick Road,London,SW5 9TJ,924.5562130177515
Graemesdyke Avenue,1300000,House,1496,4,4,4,Unknown,London,SW14 7BJ,868.9839572192514
Choumert Square,525000,House,540,1,1,1,Unknown,London,SE15 4RE,972.2222222222222
Garrett Street,849999,Flat / Apartment,802,2,2,2,Unknown,London,EC1Y 0TY,1059.8491271820449
Chiswick High Road,525000,New development,581,1,1,1,Chiswick,London,W4 5RG,903.6144578313254
Rosaville Road,1650000,House,1648,4,4,4,Unknown,London,SW6 7BL,1001.2135922330098
Marian Lodge,635000,Flat / Apartment,936,2,2,2, Wimbledon,London,SW20 8HJ,678.4188034188035
South Park Road,1550000,House,1884,4,4,4,Wimbledon,London,SW19 8SZ,822.7176220806795
Beacon Tower,1000000,Penthouse,1190,3,3,3, Wandsworth,London,SW18 4GN,840.3361344537815
Basil Mansions,5500000,Flat / Apartment,2497,3,3,3,Basil Street,London,SW3 1AP,2202.643171806167
Neville House,450000,Flat / Apartment,646,1,1,1,137 London Road,Twickenham,TW1 1EG,696.594427244582
Rossway Drive,600000,House,1202,4,4,4,Bushey,Hertfordshire,WD23 3EW,499.16805324459233
Wendover Court,1325000,Flat / Apartment,779,2,2,2, Marylebone,London,W1U 7NX,1700.8985879332477
Furze Field,6950000,New development,11177,6,6,6,Oxshott,Surrey,KT22 0UR,621.8126509796905
Halliford Street,950000,Flat / Apartment,1023,2,2,2,Canonbury,London,N1 3EJ,928.6412512218964
Tollington Way,430000,New development,538,1,1,1, London,N7 6QX,N7 6RG,799.2565055762082
Malthouse Court,700000,Flat / Apartment,1121,2,2,2, Brentford,Middlesex,TW8 0FR,624.442462087422
Cairn Avenue,1150000,House,1580,4,4,4,Ealing,London,W5 5HX,727.8481012658228
Eaton Rise,795000,New development,989,3,3,3,Unknown,London,W5 2HE,803.8422649140546
Redcliffe Gardens,1150000,Flat / Apartment,911,2,2,2,Unknown,London,SW10 9JJ,1262.3490669593853
Gosberton Road,1450000,House,2000,5,5,5,Unknown,London,SW12 8LG,725.0
Kirkstall Road,1550000,House,2328,5,5,5,Unknown,London,SW2 4HF,665.807560137457
Morton Apartments,730000,Penthouse,1127,3,3,3,Royal Albert Wharf,London,E16 2QJ,647.73735581189
Knowsley Road,860000,House,1010,2,2,2,Battersea,London,SW11 5BL,851.4851485148515
The View,1250000,Flat / Apartment,960,2,2,2, Westminster,London,SW1E 5BA,1302.0833333333333
Bangalore Street,1295000,House,1940,5,5,5,Putney,London,SW15 1QD,667.5257731958762
Ross Court,595000,Flat / Apartment,1452,3,3,3, Putney,London,SW15 3NY,409.77961432506885
Wroughton Road,1600000,House,1875,4,4,4,Unknown,London,SW11 6BG,853.3333333333334
Portland Chambers,3995000,New development,2694,3,3,3, Fitzrovia,London,W1W 6RP,1482.9250185597625
Daleham Mews,3000000,House,2011,4,4,4,Belsize Park,London,NW3 5DB,1491.7951268025859
Ringmer Avenue,2500000,House,2907,5,5,5,Fulham,London,SW6 5LW,859.9931200550395
Meadows House,6350000,Penthouse,4689,4,4,4, Fulham,London,SW6 2FQ,1354.2333120068245
Manor Road South,1350000,House,2545,4,4,4,Esher,Surrey,KT10 0PY,530.4518664047151
Deanhill Road,1175000,House,1263,3,3,3,East Sheen,London,SW14 7DF,930.3246239113222
Cupar Road,2100000,House,2360,4,4,4,Battersea,London,SW11 4JW,889.8305084745763
Ordish Apartments,745000,Flat / Apartment,1181,3,3,3,162 Gideon Road,London,SW11 5ET,630.8213378492803
Moreton Terrace,560000,Flat / Apartment,468,1,1,1,Pimlico,London,SW1V 2NS,1196.5811965811965
Spencer Hill,2450000,House,3831,5,5,5,Wimbledon,London,SW19 4NY,639.5197076481336
Pepys Road,2295000,House,4569,5,5,5,Wimbledon,London,SW20 8NP,502.2980958634274
Dudley Road,2395000,House,2443,5,5,5,Wimbledon,London,SW19 8PN,980.3520261972984
Tannery House,1250000,Penthouse,1600,2,2,2, Spitalfields,London,E1 5AG,781.25
Gaumont Tower,850000,Flat / Apartment,1254,3,3,3, Dalston,London,E8 3BQ,677.8309409888358
Hasker Street,2975000,House,1522,3,3,3,Unknown,London,SW3 2LQ,1954.664914586071
River Lane,7500000,House,6863,5,5,5,Richmond,Surrey,TW10 7AG,1092.816552528049
Townshend Terrace,1285000,House,1011,3,3,3,Richmond,Surrey,TW9 1XJ,1271.0187932739861
Roehampton Vale,795000,House,2472,5,5,5,Putney,London,SW15 3PG,321.6019417475728
Weldin Mews,835000,House,1297,3,3,3,Putney,London,SW18 1FT,643.7933693138011
Bishops Avenue,925000,Bungalow,1270,2,2,2,Northwood,Middlesex,HA6 3DD,728.3464566929134
Wildacres,1595000,House,3578,5,5,5,Northwood,Middlesex,HA6 3JD,445.77976523197316
Dorlcote Road,3500000,House,3709,7,7,7,Wandsworth,London,SW18 3RT,943.6505796710703
Henderson Road,3500000,House,4095,5,5,5,Unknown,London,SW18 3RR,854.7008547008547
Tregarvon Road,730000,Flat / Apartment,833,2,2,2,Unknown,London,SW11 5QE,876.3505402160864
Chiltern Way,995000,House,1889,4,4,4,Woodford Green,Essex,IG8 0RQ,526.7337215457915
Monkhams Avenue,1195000,House,1720,4,4,4,Woodford Green,Essex,IG8 0HA,694.7674418604652
Ollards Grove,1395000,House,2427,5,5,5,Loughton,Essex,IG10 4DW,574.7836835599505
Ovington Street,3850000,House,1643,3,3,3,Unknown,London,SW3 2JA,2343.2744978697506
Cloudesley Place,1200000,House,1298,4,4,4,Barnsbury,London,N1 0JA,924.4992295839753
Remington Street,1050000,House,1206,2,2,2,Islington,London,N1 8DH,870.6467661691543
Carronade Court,500000,Flat / Apartment,794,2,2,2, Holloway,London,N7 8GP,629.7229219143577
Balls Pond Road,575000,Flat / Apartment,1034,2,2,2,De Beauvoir,London,N1 4BW,556.0928433268858
Annette Road,575000,Flat / Apartment,741,2,2,2,Holloway,London,N7 6PE,775.9784075573549
Southgate Court,449950,Flat / Apartment,759,3,3,3,Southgate Road,London,N1 3JR,592.8194993412385
Noel Road,2650000,House,2311,2,2,2,Islington,London,N1 8HA,1146.6897446992643
Highbury Gardens,500000,Flat / Apartment,492,1,1,1,52 Holloway Road,London,N7 8BU,1016.260162601626
Lodge Mews,1050000,House,1248,4,4,4,Aberdeen Park,London,N5 2BD,841.3461538461538
Wenlock Road,629000,Flat / Apartment,640,2,2,2,Islington,London,N1 7SL,982.8125
Heathside,499950,Flat / Apartment,690,2,2,2, Golders Green,London,NW11 7SB,724.5652173913044
Walham Yard,1690000,House,2099,4,4,4,Fulham,London,SW6 1JA,805.1453072891853
The Mount,1650000,House,2644,4,4,4,Esher,Surrey,KT10 8LQ,624.0544629349471
The Mount,1995000,House,5982,5,5,5,Esher,Surrey,KT10 8LQ,333.5005015045135
Cornwall Gardens,1450000,Flat / Apartment,963,2,2,2,South Kensington,London,SW7 4AX,1505.711318795431
Anchor Brewhouse,1750000,Flat / Apartment,1189,2,2,2,50 Shad Thames,London,SE1 2LY,1471.825063078217
Lock Side Way,575000,New development,1023,2,2,2,Royal Albert Wharf,London,E16 2QJ,562.0723362658847
Carlton House,730000,New development,665,2,2,2,London,27 Carlton Drive,SW15 2BS,1097.7443609022557
Chiswick High Road,575000,New development,558,1,1,1,Chiswick,London,W4 5RG,1030.4659498207886
Chelsea Park Gardens,4950000,House,2079,5,5,5,Unknown,London,SW3 6AE,2380.9523809523807
Westfields,485000,Flat / Apartment,786,3,3,3, Barnes,London,SW13 0PJ,617.0483460559797
Simmons Lane,350000,New development,678,1,1,1,Unknown,London,E4 6JH,516.2241887905604
Welbeck Court,500000,Flat / Apartment,564,2,2,2, West Kensington,London,W14 8XW,886.5248226950355
Wandle Road,1450000,House,1981,3,3,3,Unknown,London,SW17 7DL,731.9535588086825
Horseferry Road,1995000,House,2188,4,4,4,Westminster,London,SW1P 2EE,911.7915904936015
Barmouth Road,1250000,House,1962,5,5,5,Wandsworth,London,SW18 2DP,637.10499490316
Melody Road,1750000,House,2266,5,5,5,Wandsworth,London,SW18 2QF,772.2859664607238
Jessica Road,1675000,House,2485,6,6,6,Wandsworth,London,SW18 2QN,674.0442655935614
Southborough Road,1700000,House,1958,4,4,4,South Hackney,London,E9 7EF,868.2328907048009
Quaker Street,799950,Penthouse,842,2,2,2,Shoreditch,London,E1 6SY,950.0593824228029
Dovehouse Street,7450000,House,3285,5,5,5,Unknown,London,SW3 6JZ,2267.884322678843
Watcombe Cottages,900000,House,836,2,2,2,Richmond,Surrey,TW9 3BD,1076.5550239234449
Roehampton Gate,2100000,House,2565,5,5,5,Putney,London,SW15 5JS,818.7134502923976
Upper Montagu Street,995000,Flat / Apartment,836,2,2,2,Unknown,London,W1H 1RP,1190.1913875598086
Eden Grove,599995,Flat / Apartment,926,2,2,2,Lower Holloway,London,N7 8EF,647.9427645788337
Offord Road,435000,Flat / Apartment,439,1,1,1,Barnsbury,London,N1 1LR,990.8883826879271
Upper Street,565000,Flat / Apartment,793,2,2,2,Unknown,London,N1 2TZ,712.484237074401
Lancaster Stables,1450000,Mews,1568,4,4,4, Belsize Park,London,NW3 4PH,924.7448979591836
Blackhills,3495000,House,7886,6,6,6,Esher,Surrey,KT10 9JP,443.19046411361904
Landmark Place At Tower Bridge,2995000,New development,1446,2,2,2,Water Lane,London,EC3R 6EA,2071.2309820193636
Landmark Place At Tower Bridge,2495000,New development,1163,2,2,2,Water Lane,London,EC3R 6EA,2145.3138435081687
Anhalt Road,3050000,House,2599,5,5,5,Battersea,London,SW11 4NX,1173.5282801077337
Melody Road,1450000,House,1669,4,4,4,Wandsworth,London,SW18 2QW,868.7837028160575
Trefoil Road,1450000,House,2136,5,5,5,Unknown,London,SW18 2EQ,678.8389513108614
Schubert Road,1650000,House,2270,4,4,4,Putney,London,SW15 2QS,726.8722466960353
Oakside Court,500000,New development,808,2,2,2, Northwood,Middlesex,HA6 1AW,618.8118811881188
Basilica Mews,2100000,New development,2132,4,4,4,Unknown,Thurleigh Road,SW12 8UF,984.9906191369606
Bishops Gate,2000000,New development,1693,4,4,4,82-88 Fulham High Street,London,SW6 3LF,1181.3349084465447
Wallace Road,899000,Flat / Apartment,1003,2,2,2,Islington,London,N1 2PG,896.3110667996012
"The oTTo, Hackney",995000,New development,1561,3,3,3, Clapton,E5 8DE,E5 8DS,637.4119154388213
Chelsea Creek Tower,1399000,Flat / Apartment,1351,2,2,2, Fulham,London,SW6 2RQ,1035.5292376017765
Banyan House,1250000,Flat / Apartment,1253,3,3,3, Fulham,London,SW6 2PT,997.6057462090981
Worple Street,800000,House,1018,2,2,2,Mortlake,London,SW14 8HE,785.8546168958743
Streathbourne Road,2750000,House,4056,6,6,6,Unknown,London,SW17 8QZ,678.0078895463511
Thirlmere Road,650000,Flat / Apartment,877,2,2,2,Unknown,London,SW16 1QW,741.1630558722919
Lime Quarter,490000,New development,695,2,2,2,Bow,London,E3 3QH,705.0359712230215
Kew Bridge Road,765000,New development,858,2,2,2,Brentford,Middlesex,TW8 0RF,891.6083916083916
Charles Street,699950,New development,756,2,2,2,Barnes,London,SW13 0NZ,925.8597883597884
St. Stephens Avenue,2650000,House,2607,5,5,5,Unknown,London,W12 8JA,1016.494054468738
Elsley Road,899950,House,922,3,3,3,Battersea,London,SW11 5LH,976.0845986984816
Kenilworth Avenue,2695000,House,3797,6,6,6,Wimbledon,London,SW19 7LW,709.7708717408481
Geraldine Road,1895000,House,2503,5,5,5,Wandsworth,London,SW18 2NS,757.0914902117458
Commodore House,1100000,Flat / Apartment,1236,2,2,2, Juniper Drive,London,SW18 1TZ,889.9676375404531
The Lansbury,6250000,Flat / Apartment,1736,3,3,3,19 Basil Street,London,SW3 1BA,3600.230414746544
Wimbledon Park Road,535000,Flat / Apartment,729,2,2,2,Putney,London,SW18 5SJ,733.8820301783264
Wimbledon Park Road,550000,Flat / Apartment,849,2,2,2,Putney,London,SW18 5SJ,647.8209658421673
Lowlands,835000,Flat / Apartment,875,2,2,2,2-8 Eton Avenue,London,NW3 3EJ,954.2857142857143
Basilica Mews,2485000,New development,2603,5,5,5,Unknown,Thurleigh Road,SW12 8UF,954.6676911256243
Hanway Place,1895000,Flat / Apartment,1438,2,2,2,Fitzrovia,London,W1T 1HF,1317.8025034770515
Pembroke Walk,3300000,House,1889,4,4,4,Kensington,London,W8 6PQ,1746.9560614081524
Tollington Way,572900,New development,721,2,2,2, London,N7 6QX,N7 6RG,794.5908460471567
Tollington Way,432500,New development,538,1,1,1, London,N7 6QX,N7 6RG,803.903345724907
The Stack,620000,New development,930,2,2,2,Homerton,London,E9 6HP,666.6666666666666
The Stack,580000,New development,832,2,2,2,Homerton,London,E9 6HP,697.1153846153846
The Stack,590000,New development,840,2,2,2,Homerton,London,E9 6HP,702.3809523809524
Bagel Factory,599950,New development,724,2,2,2, Hackney Wick,London,E9 5EN,828.6602209944751
Marville Road,1225000,House,1163,3,3,3, Fulham,London,SW6 7BB,1053.310404127257
Boddington Gardens,850000,House,1389,3,3,3,Acton,London,W3 9AP,611.9510439164867
West Lodge Avenue,1375000,House,2441,5,5,5,Ealing Common,London,W3 9SF,563.2937320770176
Montague Gardens,1850000,House,2766,6,6,6,West Acton,London,W3 9PT,668.8358640636297
Ternary Place,630000,New development,904,2,2,2, Ealing,London,W5 3HJ,696.9026548672566
Eaton Rise,650000,New development,776,2,2,2,Ealing,London,W5 2HE,837.6288659793814
Baillie Apartments,512500,New development,858,2,2,2,Royal Albert Wharf,London,E16 2QJ,597.3193473193473
City Road,599950,Flat / Apartment,506,1,1,1,Clerkenwell,London,EC1V 2PY,1185.6719367588933
Clerkenwell Road,650000,Flat / Apartment,531,1,1,1,Unknown,London,EC1M 5PY,1224.105461393597
St John Street,950000,Flat / Apartment,939,1,1,1,Clerkenwell,London,EC1V 4JY,1011.7145899893504
Binden Road,1695000,House,1705,4,4,4,Unknown,London,W12 9RJ,994.1348973607038
Galloway Road,785000,House,1098,3,3,3,Unknown,London,W12 0PH,714.936247723133
Cedar Court,1450000,House,2028,5,5,5, Wimbledon,London,SW19 5HU,714.9901380670611
Queens Road,1795000,House,2336,5,5,5,Wimbledon,London,SW19 8LX,768.4075342465753
Consort Lodge,2900000,Flat / Apartment,1677,4,4,4, St. John's Wood,London,NW8 7LX,1729.27847346452
Chisholm Road,2000000,House,1719,4,4,4,Richmond,Surrey,TW10 6JH,1163.4671320535194
Werter Road,1695000,House,3235,6,6,6,Putney,London,SW15 2LJ,523.9567233384853
Wimbledon Park Road,575000,Flat / Apartment,983,2,2,2,Putney,London,SW18 5SJ,584.9440488301119
Kildare Terrace,4950000,House,2861,5,5,5,Unknown,London,W2 5JT,1730.164278224397
Harbut Road,635000,Flat / Apartment,942,2,2,2,Unknown,London,SW11 2RB,674.0976645435244
Bishops Gate,2100000,New development,1688,4,4,4,82-88 Fulham High Street,London,SW6 3LF,1244.0758293838862
Birdshill Road,6000000,House,12546,7,7,7, Leatherhead,Surrey,KT22 0NJ,478.24007651841225
Fordhook Avenue,1195000,House,2150,5,5,5,Ealing Common,London,W5 3LR,555.8139534883721
Westgate Terrace,1750000,Flat / Apartment,1134,2,2,2,Unknown,London,SW10 9BJ,1543.20987654321
Andalus Road,475000,Flat / Apartment,637,2,2,2,Clapham,London,SW9 9PQ,745.6828885400314
Langroyd Road,1195000,House,1823,5,5,5,Unknown,London,SW17 7PL,655.5128908392759
Ranmere Street,1100000,House,1449,5,5,5,Unknown,London,SW12 9QQ,759.144237405107
Chestnut Grove,2050000,House,2563,5,5,5,Unknown,London,SW12 8JJ,799.8439328911431
Knollys Road,1225000,House,2337,5,5,5,Unknown,London,SW16 2JU,524.1762943945229
Holdernesse Road,425000,Flat / Apartment,620,1,1,1,Unknown,London,SW17 7RG,685.483870967742
Marian Road,385000,House,800,2,2,2,Unknown,London,SW16 5HR,481.25
Thirlmere Road,395000,Flat / Apartment,771,1,1,1,Unknown,London,SW16 1QW,512.3216601815824
Price's Court,525000,Flat / Apartment,771,2,2,2, Wandsworth,London,SW11 3YW,680.9338521400779
Ashley Gardens,2750000,Flat / Apartment,2339,5,5,5, Westminster,London,SW1P 1PD,1175.716117999145
Werter Road,1395000,House,2358,6,6,6,Putney,London,SW15 2LL,591.6030534351145
Bryanston Square,1995000,Flat / Apartment,1156,3,3,3,Marylebone,London,W1H 2DX,1725.7785467128028
Portland & Riding,3950000,Penthouse,2227,4,4,4,Great Portland Street,Fitzrovia,W1W 7NT,1773.6865738661877
Bishops Gate,1850000,New development,1462,3,3,3,82-88 Fulham High Street,London,SW6 3LF,1265.389876880985
Alderbrook Road,1600000,House,2561,5,5,5,Unknown,London,SW12 8AB,624.7559547051933
Landmark Place At Tower Bridge,2524000,New development,1008,2,2,2,Water Lane,London,EC3R 6EA,2503.968253968254
Carlton House,780000,New development,798,2,2,2,27 Carlton Drive,London,SW15 2BS,977.4436090225564
500 Chiswick High Road,2225000,New development,2899,4,4,4,Chiswick,London,W4 5RG,767.5060365643325
Chiswick High Road,550000,New development,581,1,1,1,Chiswick,London,W4 5RG,946.6437177280551
Drayton Gardens,4650000,Flat / Apartment,2245,3,3,3,Unknown,London,SW10 9RX,2071.269487750557
Melville Road,3150000,House,2894,5,5,5,Barnes,London,SW13 9RJ,1088.4588804422945
Holden Street,935000,House,1179,3,3,3,Unknown,London,SW11 5UP,793.0449533502969
Cyril Mansions,625000,Flat / Apartment,613,2,2,2,Prince of Wales Drive,London,SW11 4HW,1019.5758564437194
Marian Lodge,699950,Flat / Apartment,1334,2,2,2, Wimbledon,London,SW20 8HJ,524.7001499250375
Eaton Square,9950000,Flat / Apartment,2832,3,3,3,Belgravia,London,SW1W 9AP,3513.4180790960454
Marchmont Gardens,2750000,House,2213,5,5,5,Richmond,Surrey,TW10 6ET,1242.6570266606416
Margaret Street,1995000,Flat / Apartment,1077,3,3,3,Unknown,London,W1W 8SN,1852.367688022284
Oaklands,2500000,House,4012,5,5,5, Loughton,Essex,IG10 4RL,623.1306081754735
Highbury Hill,999950,Flat / Apartment,840,2,2,2,Highbury,London,N5 1HH,1190.4166666666667
Lonsdale Square,550000,Flat / Apartment,399,1,1,1,Islington,London,N1 1EW,1378.4461152882207
Deansway,2600000,House,3318,5,5,5,East Finchley,London,N2 0HX,783.6045810729355
Irene Road,2150000,House,2087,5,5,5,Fulham,London,SW6 4AQ,1030.1868711068519
East Sheen Avenue,1800000,House,2001,5,5,5,East Sheen,London,SW14 8AU,899.5502248875562
Rowfant Road,1395000,House,2390,5,5,5,Wandsworth,London,SW17 7AP,583.6820083682009
Colehill Lane,1100000,House,1370,3,3,3, Fulham,London,SW6 5EF,802.9197080291971
Sinclair Gardens,700000,Flat / Apartment,693,2,2,2,Unknown,London,W14 0AU,1010.10101010101
Brocklebank Road,1200000,House,1743,4,4,4,Wandsworth,London,SW18 3AX,688.4681583476764
Westover Road,2125000,House,2591,5,5,5,Wandsworth,London,SW18 2RH,820.1466615206484
Spring Terrace,2850000,House,2934,5,5,5,Richmond,Surrey,TW9 1LW,971.3701431492842
Ashurst Close,750000,House,1309,3,3,3,Northwood,Middlesex,HA6 1EL,572.9564553093965
Princedale Road,8950000,New development,3711,4,4,4,Unknown,London,W11 4NJ,2411.7488547561306
Woburn Avenue,535000,House,900,3,3,3, Epping,Essex,CM16 7JS,594.4444444444445
Woodredon Farm,575000,Bungalow,1013,3,3,3, Waltham Abbey,Essex,EN9 3SX,567.6209279368213
Bishops Gate,1425000,New development,1063,2,2,2,82-88 Fulham High Street,London,SW6 3LF,1340.5456255879585
Kings College Court,2650000,New development,1727,2,2,2, Belsize Park,London,NW3 3EA,1534.4528083381585
Beaufort Court,775000,New development,870,2,2,2,65 Maygrove Road,London,NW6 2DA,890.8045977011494
Tantallon Road,1425000,House,1980,5,5,5,Unknown,London,SW12 8DH,719.6969696969697
Hosack Road,1125000,House,1727,4,4,4,Unknown,London,SW17 7QW,651.4186450492183
Romberg Road,895000,House,1407,4,4,4,Unknown,London,SW17 8UB,636.1051883439943
Thirlmere Road,650000,Flat / Apartment,884,2,2,2,Unknown,London,SW16 1QW,735.2941176470588
Lysias Road,1295000,House,1873,4,4,4,Unknown,London,SW12 8BW,691.4041644420715
Bailey House,2100000,Flat / Apartment,1527,3,3,3,Coleridge Gardens,London,SW10 0RG,1375.24557956778
Rosenau Crescent,1750000,House,2006,5,5,5,Battersea,London,SW11 4RY,872.382851445663
Mysore Road,700000,Flat / Apartment,807,2,2,2,Battersea,London,SW11 5RZ,867.4101610904585
Artillery Mansions,2250000,Flat / Apartment,1669,3,3,3, Westminster,London,SW1H 0HY,1348.1126423007788
St. Aubyns Court,750000,Flat / Apartment,1171,3,3,3, Wimbledon,London,SW19 4AQ,640.4782237403929
High Street,599950,New development,883,2,2,2,Colliers Wood,London,SW19 2BY,679.445073612684
Southlands Drive,650000,Flat / Apartment,976,2,2,2,Wimbledon,London,SW19 5QN,665.983606557377
Acris Street,1285000,House,1968,5,5,5,Wandsworth,London,SW18 2QP,652.9471544715448
St. Ann's Crescent,600000,Flat / Apartment,692,2,2,2,Unknown,London,SW18 2ND,867.0520231213873
Grove Hall Court,995000,Flat / Apartment,812,2,2,2, St. John's Wood,London,NW8 9NS,1225.3694581280788
Trinity Road,450000,Flat / Apartment,533,1,1,1,Wandsworth,London,SW18 3RG,844.2776735459662
Chiltern Place,3950000,New development,1150,2,2,2,66 Chiltern Street,London,W1U 6NJ,3434.782608695652
Drayton Park,575000,New development,784,2,2,2,Unknown,London,N5 1DH,733.4183673469388
Rosaville Road,1400000,House,1406,4,4,4,Fulham,London,SW6 7BN,995.7325746799431
Carillon Court,399950,Flat / Apartment,398,1,1,1,Oxford Road,London,W5 3SX,1004.8994974874372
Artichoke Hill,675000,Flat / Apartment,970,2,2,2,Unknown,London,E1W 2BA,695.8762886597938
Riverside Quarter,900000,New development,901,2,2,2,Wandsworth,London,SW18 1PP,998.8901220865705
Thames Quay,699950,Flat / Apartment,645,1,1,1,Chelsea Harbour,Chelsea,SW10 0UY,1085.1937984496124
Lyston House,835000,Flat / Apartment,1155,3,3,3,Clifton Road,London,SW19 4QY,722.943722943723
Grosvenor Hill,750000,Flat / Apartment,815,2,2,2,Wimbledon,London,SW19 4RU,920.2453987730062
Ballantine Street,939999,House,1171,3,3,3, Wandsworth,London,SW18 1AL,802.731853116994
Eastfields Avenue,655000,Flat / Apartment,761,2,2,2,Riverside Quarter,London,SW18 1FQ,860.7095926412615
Hamilton Terrace,995000,Flat / Apartment,1041,2,2,2,St. John's Wood,London,NW8 9UJ,955.8117195004803
Ronann Apartments,675000,Flat / Apartment,757,2,2,2, Haggerston,London,N1 5QJ,891.6776750330251
Alexandra Road,1300000,House,1626,4,4,4,Unknown,Twickenham,TW1 2HE,799.5079950799508
Edward Blore Mews,1095000,House,1322,3,3,3,Egerton Drive,Middlesex,TW7 7FE,828.2904689863842
Eastbury Road,1050000,House,2562,4,4,4, Watford,Hertfordshire,WD19 4JN,409.8360655737705
Lavender Sweep,625000,Flat / Apartment,946,2,2,2,Battersea,London,SW11 1HD,660.676532769556
Sutherland Avenue,795000,Flat / Apartment,666,2,2,2,Maida Vale,London,W9 1ET,1193.6936936936936
Queens Avenue,1445000,House,2468,6,6,6,Woodford Green,Essex,IG8 0JE,585.4943273905997
Chiltern Place,5950000,New development,1916,2,2,2,66 Chiltern Street,London,W1U 6NJ,3105.427974947808
Prior Bolton Street,830000,Flat / Apartment,813,2,2,2,Unknown,London,N1 2NX,1020.910209102091
Barnes Court,495000,Flat / Apartment,758,3,3,3,Lofting Road,London,N1 1JD,653.0343007915567
Drive Mansions,699950,Flat / Apartment,935,3,3,3,Fulham Road,London,SW6 5JB,748.6096256684492
Byam Street,1350000,House,1636,4,4,4,Unknown,London,SW6 2RB,825.1833740831296
Greystoke Gardens,400000,Flat / Apartment,764,2,2,2,Hanger Lane,London,W5 1EP,523.5602094240837
Coleherne Road,865000,Flat / Apartment,559,2,2,2,Unknown,London,SW10 9BS,1547.4060822898032
Enmore Gardens,1100000,House,1345,4,4,4,East Sheen,London,SW14 8RF,817.8438661710037
Cavendish Road,1250000,House,2176,4,4,4,Unknown,London,SW12 0BH,574.4485294117648
Landmark Place At Tower Bridge,4416000,New development,1847,3,3,3,Water Lane,London,EC3R 6EA,2390.9041689225774
Lurline Gardens,699950,Flat / Apartment,831,2,2,2,Battersea,London,SW11 4DB,842.2984356197353
Eaton Square,1995000,Flat / Apartment,1575,3,3,3,Belgravia,London,SW1W 9DH,1266.6666666666667
Salcott Road,625000,Flat / Apartment,694,2,2,2,Unknown,London,SW11 6DF,900.5763688760807
Connaught Avenue,2395000,House,5300,7,7,7,Loughton,Essex,IG10 4DP,451.8867924528302
Lofting Road,570000,Flat / Apartment,642,2,2,2,Islington,London,N1 1ET,887.8504672897196
Newington Green Mansions,450000,Flat / Apartment,595,2,2,2,Green Lanes,London,N16 9BT,756.3025210084033
Portman Heights,695000,Flat / Apartment,1042,3,3,3, Hampstead,London,NW3 7TW,666.9865642994242
Palmerston Road,1375000,House,1791,4,4,4,East Sheen,London,SW14 7PZ,767.7275265214963
Sainfoin Road,1550000,House,2302,4,4,4,Unknown,London,SW17 8EP,673.3275412684623
Blenheim Road,2150000,House,1929,5,5,5,Chiswick,London,W4 1UB,1114.5671332296527
York Mansions,1750000,Flat / Apartment,1660,3,3,3,Prince of Wales Drive,London,SW11 4BW,1054.2168674698796
Albert Terrace,4950000,Flat / Apartment,2610,5,5,5,Primrose Hill,London,NW1 7SU,1896.551724137931
Ridgmount Road,1100000,House,1685,5,5,5,Wandsworth,London,SW18 2DA,652.8189910979229
Bartholomew Road,995000,Flat / Apartment,1172,3,3,3,Kentish Town,London,NW5 2AR,848.9761092150171
Wandsworth Common West Side,475000,Flat / Apartment,650,2,2,2,Unknown,London,SW18 2EL,730.7692307692307
Kings House,495000,Flat / Apartment,696,1,1,1,1 Brightlingsea Place,London,E14 8DB,711.2068965517242
Chapman Square,1795000,House,2605,4,4,4,Wimbledon,London,SW19 5QR,689.0595009596929
Devas Road,1795000,House,2001,5,5,5,Wimbledon,London,SW20 8PD,897.0514742628685
Coleford Road,1350000,House,1519,3,3,3,Wandsworth,London,SW18 1AD,888.7425938117183
Meldola Yard,475000,Flat / Apartment,584,1,1,1,Unknown,London,E9 5NW,813.3561643835617
Ormond Road,2850000,House,2338,4,4,4,Richmond,Surrey,TW10 6TH,1218.9905902480753
Haldon Road,700000,House,947,2,2,2,Putney,London,SW18 1QG,739.1763463569166
East Towers,930000,House,1834,5,5,5,Pinner,Middlesex,HA5 1TL,507.08833151581246
Broxash Road,1575000,House,1986,5,5,5,Unknown,London,SW11 6AB,793.0513595166163
Waverley Court,900000,Flat / Apartment,650,2,2,2,34-37 Beaumont Street,Marylebone,W1G 6DH,1384.6153846153845
Blandford Street,750000,Flat / Apartment,421,1,1,1,Unknown,London,W1U 8AG,1781.4726840855108
Pearson Square,2600000,New development,1281,2,2,2,Unknown,London,W1T 3BH,2029.6643247462919
Wigmore Place,1950000,Flat / Apartment,1765,2,2,2,Marylebone,London,W1U 2LR,1104.815864022663
Fitzroy Street,1200000,Flat / Apartment,852,2,2,2,Fitzrovia,London,W1T 6DS,1408.4507042253522
Waverley Court,840000,Flat / Apartment,625,2,2,2, Marylebone,London,W1G 6DH,1344.0
Gloucester Place,1050000,Flat / Apartment,848,3,3,3,Marylebone,London,W1U 6AW,1238.2075471698113
Lippitts Hill,1065000,House,2625,5,5,5,Loughton,Essex,IG10 4AL,405.7142857142857
Troy Court,1000000,Flat / Apartment,862,2,2,2,Kensington High Street,London,W8 7RD,1160.092807424594
Earls Terrace,1100000,Flat / Apartment,706,2,2,2,Unknown,London,W8 6LP,1558.0736543909347
John Spencer Square,800000,Flat / Apartment,794,2,2,2,Unknown,London,N1 2LZ,1007.5566750629723
Goldsmiths Row,875000,Penthouse,972,2,2,2,Unknown,London,E2 8QF,900.2057613168724
Richmond Road,900000,Flat / Apartment,1055,2,2,2,Unknown,London,E8 3QW,853.0805687203791
East Heath Road,875000,Flat / Apartment,1210,2,2,2,Hampstead,London,NW3 1BN,723.1404958677685
Redruth Gardens,1795000,House,3796,6,6,6, Esher,Surrey,KT10 0HD,472.86617492096946
Wolsey Road,935000,House,1583,3,3,3,Esher,Surrey,KT10 8NX,590.6506632975363
New Road,2695000,House,5164,5,5,5,Esher,Surrey,KT10 9NU,521.8822618125484
Park Road,2250000,House,2654,5,5,5, Chiswick,London,W4 3HP,847.7769404672193
Bolingbroke Road,1950000,House,2063,5,5,5,Unknown,London,W14 0AJ,945.2253999030538
Apex Court,475000,New development,474,1,1,1,1 Woodger Road,London,W12 8NW,1002.1097046413502
Brynmaer Road,2500000,House,2235,5,5,5,Unknown,London,SW11 4EN,1118.5682326621925
Juer Street,1695000,House,2014,5,5,5,Unknown,London,SW11 4RF,841.6087388282026
Claremont House,550000,New development,540,1,1,1,28 Quebec Way,London,SE16 7FS,1018.5185185185185
Peel Street,2550000,House,1451,3,3,3,Unknown,London,W8 7PD,1757.408683666437
Royal Victoria Patriotic Building,695000,Flat / Apartment,983,1,1,1,Unknown,London,SW18 3SX,707.0193285859614
Gloucester Drive,725000,Flat / Apartment,1323,3,3,3,Unknown,London,N4 2LE,547.9969765684051
College Drive,1600000,House,2609,5,5,5,Thames Ditton,Surrey,KT7 0LB,613.2617861249521
Warwick Drive,675000,Flat / Apartment,986,3,3,3,Putney,London,SW15 6LD,684.5841784989858
Coral Apartments,1100000,Penthouse,1809,2,2,2,17 Western Gateway,London,E16 1AQ,608.0707573244887
48 Reminder Lane,450000,Flat / Apartment,566,1,1,1,Greenwich,London,SE10 0NQ,795.0530035335689
Andre Street,635000,Flat / Apartment,840,2,2,2,Unknown,London,E8 2AA,755.952380952381
Clavering Avenue,1500000,House,2035,5,5,5,Barnes,London,SW13 8DY,737.1007371007371
Brook Green,4650000,House,3244,6,6,6,Unknown,London,W6 7BL,1433.415536374846
Boatman's Court,695000,New development,734,2,2,2, Putney,London,SW15 1PP,946.866485013624
Telfords Yard,865000,Flat / Apartment,1115,2,2,2,Unknown,London,E1W 2BQ,775.7847533632287
Richmond Mansions,1195000,Flat / Apartment,1300,3,3,3,Old Brompton Road,London,SW5 9HN,919.2307692307693
New Century House,450000,Flat / Apartment,731,2,2,2,8 Jude Street,London,E16 1FG,615.595075239398
Eltham Court,475000,New development,639,1,1,1, West Ealing,London,W13 8RA,743.3489827856025
Orbel Street,700000,Flat / Apartment,1021,2,2,2,Unknown,London,SW11 3NZ,685.6023506366307
York Street,1850000,Flat / Apartment,1454,2,2,2,Unknown,London,W1H 4QF,1272.3521320495186
Faraday Road,699950,House,918,3,3,3,Wimbledon,London,SW19 8PA,762.4727668845316
Cedar Park,700000,House,942,3,3,3, Chigwell,Essex,IG7 5AL,743.0997876857749
Enfield Road,699950,New development,942,2,2,2,Islington,London,N1 5EN,743.0467091295117
Petergate,750000,House,914,3,3,3,Wandsworth,London,SW11 2UE,820.5689277899344
Corbiere Court,675000,House,586,2,2,2,Wimbledon,London,SW19 4ND,1151.8771331058022
Guildford House,765000,Flat / Apartment,818,2,2,2,Tollgate Gardens,London,NW6 5FU,935.2078239608802
East Hill,625000,Flat / Apartment,789,2,2,2,Unknown,London,SW18 2HG,792.1419518377693
Sentis Court,595000,Flat / Apartment,1197,2,2,2, Northwood,Middlesex,HA6 3NG,497.07602339181284
Clephane Road,675000,Flat / Apartment,803,3,3,3,Unknown,London,N1 2FT,840.5977584059776
Moring Road,1095000,House,1466,4,4,4,Unknown,London,SW17 8DN,746.9304229195088
Cambridge Road,1150000,Flat / Apartment,1012,3,3,3,Unknown,London,SW11 4RT,1136.3636363636363
Caledonian Road,860000,Flat / Apartment,1018,2,2,2,Unknown,London,N1 0NG,844.7937131630648
De Laszlo House,2500000,New development,1615,3,3,3, Hampstead,London,NW3 5JY,1547.9876160990711
Highdown Road,3395000,House,3583,6,6,6,Putney,London,SW15 5BU,947.5300027909573
Lichfield Road,899950,House,1615,3,3,3,Unknown,London,E3 5AL,557.2445820433436
Ashley Gardens,1200000,Flat / Apartment,1077,2,2,2, Victoria,London,SW1P 1HL,1114.2061281337046
Revelstoke Road,595000,Flat / Apartment,947,3,3,3,Southfields,London,SW18 5NN,628.2998944033791
Florence Court,375000,Flat / Apartment,402,1,1,1,Sunnyside,London,SW19 4SG,932.8358208955224
The Water Gardens,1180000,Flat / Apartment,1732,3,3,3, Kingston upon Thames,Surrey,KT2 7LF,681.2933025404157
Arcadian Place,1800000,House,2626,5,5,5,Southfields,London,SW18 5JF,685.4531607006854
Barham Road,2750000,House,4180,5,5,5,Wimbledon,London,SW20 0ET,657.8947368421053
Rosehill Road,575000,Flat / Apartment,680,2,2,2,Wandsworth,London,SW18 2NX,845.5882352941177
Jessica Road,1550000,House,2265,5,5,5,Unknown,London,SW18 2QL,684.326710816777
Lisson Grove,1695000,Flat / Apartment,1636,4,4,4,Marylebone,London,NW1 6LW,1036.0635696821516
Elm Tree Court,600000,Flat / Apartment,514,1,1,1,Elm Tree Road,London,NW8 9JT,1167.3151750972763
Albany Park Road,2700000,House,3705,6,6,6,Kingston upon Thames,Surrey,KT2 5SW,728.744939271255
Upper Richmond Road,699950,Flat / Apartment,816,2,2,2,Putney,London,SW15 2DU,857.781862745098
Sefton Street,1225000,House,1450,3,3,3,Putney,London,SW15 1NA,844.8275862068965
Broadfield Lane,950000,New development,849,3,3,3,King's Cross,London,NW1 9DJ,1118.9634864546526
Gloucester Avenue,799999,Flat / Apartment,483,1,1,1,Primrose Hill,London,NW1 8HX,1656.3126293995858
King Edwards Road,1725000,House,2512,5,5,5,Ruislip,Middlesex,HA4 7AQ,686.703821656051
Greenhill Court,550000,Flat / Apartment,1899,2,2,2, Northwood,Middlesex,HA6 2BD,289.62611901000525
Ladbroke Grove,925000,Flat / Apartment,635,1,1,1,Unknown,London,W11 2HE,1456.6929133858268
Manchuria Road,1625000,House,2056,4,4,4,Unknown,London,SW11 6AE,790.3696498054475
Bellevue Road,825000,Flat / Apartment,840,2,2,2,Unknown,London,SW17 7EB,982.1428571428571
St. James's Drive,900000,Flat / Apartment,1170,3,3,3,Unknown,London,SW17 7RT,769.2307692307693
Clapham High Street,550000,Flat / Apartment,790,2,2,2,Unknown,London,SW4 7TP,696.2025316455696
Cumberland Mansions,1500000,Flat / Apartment,1186,3,3,3, Marylebone,London,W1H 5ZA,1264.7554806070825
Hepworth Court,750000,Flat / Apartment,627,1,1,1,30 Gatliff Road,London,SW1W 8QN,1196.1722488038276
Cadogan Gardens,1695000,Flat / Apartment,1187,2,2,2,Unknown,London,SW3 2RB,1427.9696714406066
Cloudesley Road,599950,Flat / Apartment,432,1,1,1,Islington,London,N1 0EN,1388.773148148148
Hemingford Road,2399500,House,2222,4,4,4,Unknown,London,N1 1BZ,1079.8829882988298
Florence Street,950000,Flat / Apartment,929,3,3,3,Unknown,London,N1 2EA,1022.6049515608181
Southgate Road,875000,Flat / Apartment,918,2,2,2,Unknown,London,N1 3HX,953.1590413943355
Barnsbury Square,2250000,House,1642,4,4,4,Barnsbury,London,N1 1JL,1370.2801461632157
South Hill Park Gardens,4395000,House,3292,5,5,5,Hampstead,London,NW3 2TD,1335.0546780072905
Makepeace Mansions,439950,Flat / Apartment,466,1,1,1,Makepeace Avenue,London,N6 6ES,944.0987124463519
Bridgepoint Place,1795000,House,1669,4,4,4,Hornsey Lane,London,N6 5LJ,1075.4943079688437
Armadale Road,699950,Flat / Apartment,734,2,2,2,Unknown,London,SW6 1JP,953.6103542234332
Bishops Road,815000,Flat / Apartment,969,3,3,3,Fulham,London,SW6 7AD,841.0732714138287
Letterstone Road,1375000,House,1427,4,4,4,Unknown,London,SW6 7BA,963.5599159074983
Grove Way,1630000,House,3457,6,6,6,Esher,Surrey,KT10 8HQ,471.50708706971363
Westville Road,1195000,House,1953,5,5,5,Thames Ditton,Surrey,KT7 0UH,611.879160266257
St. Leonards Road,1595000,House,3110,4,4,4,Thames Ditton,Surrey,KT7 0RN,512.8617363344051
New Road,1850000,House,2739,5,5,5,Esher,Surrey,KT10 9NU,675.4289886820007
Carrington Place,725000,Flat / Apartment,1328,3,3,3, Esher,Surrey,KT10 9SF,545.933734939759
Sandown House,895000,Flat / Apartment,1255,2,2,2, Esher,Surrey,KT10 9SL,713.1474103585657
Wolsey Road,775000,House,1160,3,3,3,Esher,Surrey,KT10 8NT,668.1034482758621
Courtfield Gardens,2250000,Flat / Apartment,1700,3,3,3,Unknown,London,SW5 0PD,1323.5294117647059
Courtfield Gardens,2650000,Flat / Apartment,1393,2,2,2,Unknown,London,SW5 0ND,1902.3689877961235
Icon Apartments,480000,Flat / Apartment,732,2,2,2,32 Duckett Street,London,E1 4FX,655.7377049180328
Streathbourne Road,1975000,House,2827,6,6,6,Unknown,London,SW17 8QZ,698.6204457021578
Linnet Mews,625000,House,638,2,2,2,Unknown,London,SW12 8JE,979.6238244514107
Thurleigh Road,1850000,House,2286,4,4,4,Unknown,London,SW12 8TY,809.2738407699038
Tantallon Road,1600000,House,2201,5,5,5,Unknown,London,SW12 8DF,726.9422989550204
Chandlers Avenue,399995,Flat / Apartment,553,1,1,1,Greenwich,London,SE10 0NN,723.3182640144665
Cranbrook Road,1350000,House,1628,4,4,4,Chiswick,London,W4 2LJ,829.2383292383292
Copenhagen Gardens,760000,House,919,2,2,2,Chiswick,London,W4 5NN,826.9858541893362
Eastbourne Road,1600000,House,1983,4,4,4, Chiswick,London,W4 3EB,806.8582955118508
Old Church Street,500000,Flat / Apartment,373,1,1,1,Chelsea,London,SW3 5BZ,1340.4825737265417
Meredyth Road,2350000,House,2200,5,5,5,Barnes,London,SW13 0DY,1068.1818181818182
Arundel Terrace,1325000,House,1476,3,3,3,Barnes,London,SW13 8DS,897.6964769647697
Dawes Road,1350000,House,1707,4,4,4,Unknown,London,SW6 7EJ,790.8611599297012
Hunts Paper Factory,850000,Flat / Apartment,906,2,2,2,49 Atalanta Street,London,SW6 6TU,938.1898454746137
Brackenbury Road,1500000,Duplex,2024,4,4,4,Brackenbury Village,London,W6 0BE,741.1067193675889
Television Centre,1090000,New development,923,2,2,2,101 Wood Lane,London,W12 7FS,1180.931744312026
Television Centre,1425000,Flat / Apartment,1067,2,2,2,6 Wood Crescent,London,W12 7GS,1335.5201499531397
Robertson Street,925000,House,1518,4,4,4,Unknown,London,SW8 3TJ,609.3544137022398
Simpson Street,1080000,House,1435,3,3,3,Unknown,London,SW11 3HN,752.6132404181185
Albany Mansions,1100000,Flat / Apartment,942,2,2,2,Albert Bridge Road,London,SW11 4PQ,1167.728237791932
Latchmere Road,1000000,House,1523,4,4,4,Battersea,London,SW11 2DS,656.5988181221273
Waterside Point,2500000,Flat / Apartment,1717,2,2,2, Battersea,London,SW11 4PD,1456.02795573675
Sutherland Street,650000,Flat / Apartment,509,1,1,1,Unknown,London,SW1V 4LA,1277.0137524557956
Old Market Square,500000,Flat / Apartment,815,3,3,3,Unknown,London,E2 7PQ,613.4969325153374
Blomfield Villas,499999,Flat / Apartment,360,1,1,1,Little Venice,London,W2 6NQ,1388.8861111111112
Ridgmount Gardens,800000,Flat / Apartment,558,2,2,2,Fitzrovia,London,WC1E 7AX,1433.6917562724013
Rathbone Square,1140000,New development,580,1,1,1, Fitzrovia,London,W1T 1JN,1965.5172413793102
Bryanston Court,2150000,Flat / Apartment,1969,3,3,3, Marylebone,London,W1H 7HE,1091.9248349415948
Craven Street,2000000,Flat / Apartment,1415,2,2,2,Unknown,London,WC2N 5NS,1413.4275618374559
Boundaries Road,1475000,House,2366,4,4,4,Unknown,London,SW12 8HF,623.4150464919695
Blandford Street,695000,Flat / Apartment,429,1,1,1,Unknown,London,W1U 8AG,1620.04662004662
Huntsmore House,1895000,Penthouse,1447,3,3,3,35 Pembroke Road,London,W8 6LZ,1309.6060815480305
Highbury Gardens,500000,Flat / Apartment,563,1,1,1,Unknown,52 Holloway Road,N7 8BW,888.0994671403197
Enfield Road,585000,Flat / Apartment,750,2,2,2,Unknown,London,N1 5EN,780.0
Parkholme Road,1525000,House,1750,4,4,4,Hackney,London,E8 3AQ,871.4285714285714
Dashwood House,1500000,Flat / Apartment,1311,3,3,3, Longfield Avenue,London,W5 2JU,1144.1647597254005
North Common Road,2950000,House,4125,6,6,6,Ealing,London,W5 2QB,715.1515151515151
North Avenue,2950000,House,3165,5,5,5,Ealing,London,W13 8AP,932.0695102685625
Villiers Avenue,765000,House,1143,3,3,3,Surbiton,Surrey,KT5 8BH,669.2913385826772
Berrylands Road,1050000,House,1949,4,4,4,Surbiton,Surrey,KT5 8PD,538.737814263725
Magna Square,850000,House,1326,3,3,3,East Sheen,London,SW14 8LH,641.025641025641
Cinnabar Wharf West,999500,Flat / Apartment,796,2,2,2,22 Wapping High Street,London,E1W 1NJ,1255.6532663316582
Bickley Street,525000,Flat / Apartment,714,2,2,2,Unknown,London,SW17 9NE,735.2941176470588
Cavendish Road,550000,Flat / Apartment,701,2,2,2,Balham,London,SW12 0PQ,784.5934379457917
Calbourne Road,1350000,House,1605,4,4,4,Unknown,London,SW12 8LR,841.1214953271028
Addison Gardens,825000,Flat / Apartment,753,2,2,2,Unknown,London,W14 0DP,1095.617529880478
Foundry House,699995,Flat / Apartment,791,2,2,2, Canary Wharf,London,E14 6NJ,884.9494310998736
Malpas Road,590000,House,1271,4,4,4,Unknown,London,E8 1NA,464.20141620771045
Burnfoot Avenue,1650000,House,2042,5,5,5, Fulham,London,SW6 5EA,808.0313418217434
College Building,625000,Flat / Apartment,776,1,1,1,3 Forfar Road,London,SW11 4FR,805.4123711340206
Goswell Road,750000,Flat / Apartment,789,2,2,2,Islington,London,EC1V 7AH,950.5703422053232
London Mill Apartments,539000,Flat / Apartment,610,2,2,2,Whiston Road,London,E2 8FS,883.6065573770492
St. Charles Square,699950,Flat / Apartment,602,2,2,2,North Kensington,London,W10 6EN,1162.7076411960134
Enmore Gardens,1500000,House,1580,4,4,4,Unknown,London,SW14 8RF,949.367088607595
East Sheen Avenue,2500000,House,3058,6,6,6,Unknown,London,SW14 8AU,817.5277959450622
Lowndes Square,1495000,Flat / Apartment,886,2,2,2,Unknown,London,SW1X 9JU,1687.3589164785553
Eagle Wharf Court,1100000,Flat / Apartment,1058,2,2,2,Lafone Street,London,SE1 2LZ,1039.6975425330813
Corfton Road,3000000,Flat / Apartment,6049,5,5,5,Unknown,London,W5 2HT,495.94974375929905
Christchurch Road,2695000,House,2938,6,6,6,Unknown,London,SW14 7AT,917.290673927842
Drapers Court,725000,Flat / Apartment,800,2,2,2,59 Lurline Gardens,London,SW11 4DF,906.25
Belgrave Mansions,1700000,Flat / Apartment,1303,3,3,3,Belgrave Gardens,London,NW8 0RA,1304.6815042210285
Islington Place,3350000,House,3564,4,4,4,Islington,London,N1 0ET,939.9551066217733
Admiralty Avenue,999995,House,1855,3,3,3,Unknown,London,E16 2PL,539.0808625336928
Baynes Mews,3650000,House,3070,5,5,5,Belsize Park,London,NW3 5BH,1188.9250814332247
Battersea Square,1295000,Flat / Apartment,1471,2,2,2,Unknown,London,SW11 3RA,880.3535010197145
Tavistock Place,1395000,Flat / Apartment,847,2,2,2,Unknown,London,WC1H 9SH,1646.9893742621016
Curzon Square,2850000,Flat / Apartment,1091,2,2,2,Mayfair,London,W1J 7FZ,2612.282309807516
Phoenix Way,470000,Flat / Apartment,531,1,1,1,Unknown,London,SW18 2PW,885.1224105461393
Wellington House,830000,Flat / Apartment,551,1,1,1,70 Buckingham Gate,London,SW1E 6AL,1506.3520871143376
Lowfield Road,1250000,House,1872,4,4,4,Unknown,London,W3 0AY,667.7350427350427
St. George's Square,895000,Flat / Apartment,836,2,2,2,Pimlico,London,SW1V 2HX,1070.5741626794259
Bedford Villas,825000,House,1443,3,3,3,Whitehead Close,London,SW18 3EP,571.7255717255717
Banbury House,625000,Flat / Apartment,925,3,3,3,Banbury Road,London,E9 7EB,675.6756756756756
Cadogan Square,2500000,Flat / Apartment,1033,3,3,3,Unknown,London,SW1X 0JW,2420.135527589545
Cadogan Square,4000000,Flat / Apartment,1948,3,3,3,Unknown,London,SW1X 0HY,2053.388090349076
Hale House,3950000,Flat / Apartment,2573,3,3,3,34 De Vere Gardens,London,W8 5AQ,1535.172949863972
Almorah Road,675000,Flat / Apartment,722,2,2,2,Canonbury,London,N1 3EU,934.9030470914128
Sanderling Lodge,925000,Flat / Apartment,969,2,2,2,Star Place,London,E1W 1AJ,954.592363261094
Calbourne Road,1550000,House,1963,4,4,4,Unknown,London,SW12 8LW,789.6077432501273
Albany Mansions,999950,Flat / Apartment,927,2,2,2,Albert Bridge Road,London,SW11 4PQ,1078.6947141316073
Ability Place,715000,Flat / Apartment,969,2,2,2, Canary Wharf,London,E14 9DF,737.8740970072239
White Hart Lane,1650000,House,1869,4,4,4,Barnes,London,SW13 0PU,882.8250401284109
Alwyne Square,2650000,House,2314,5,5,5,Islington,London,N1 2JX,1145.2031114952463
Atlantic House,850000,Penthouse,1249,3,3,3, Shoreditch,London,E2 8HH,680.5444355484387
New North Road,475000,Flat / Apartment,477,1,1,1,Hoxton,London,N1 6JB,995.8071278825996
Bateman's Row,950000,Flat / Apartment,1190,2,2,2,Unknown,London,EC2A 3HH,798.3193277310925
Cicada Road,1250000,House,1658,4,4,4,Wandsworth,London,SW18 2NN,753.9203860072377
Ennismore Avenue,2500000,House,2960,5,5,5,Chiswick,London,W4 1SF,844.5945945945946
Arbrook Lane,1950000,House,2817,6,6,6,Esher,Surrey,KT10 9EG,692.2257720979766
Riverside Court,2950000,Penthouse,2128,3,3,3,20 Nine Elms Lane,London,SW8 5BZ,1386.2781954887218
Great Sutton Street,1395000,Flat / Apartment,1150,2,2,2,Unknown,London,EC1V 0DP,1213.0434782608695
Otto Building,1300000,Penthouse,1476,3,3,3,Downs Road,London,E5 8DE,880.7588075880759
Albany Mansions,1025000,Flat / Apartment,947,3,3,3,Albert Bridge Road,London,SW11 4PQ,1082.3653643083421
White Horse Lane,650000,House,997,2,2,2,Unknown,London,E1 4LR,651.9558676028084
Mount Park Road,2000000,House,2593,4,4,4,Harrow On The Hill,Middlesex,HA1 3LD,771.3073659853452
Bushberry Road,950000,House,1298,4,4,4,Unknown,London,E9 5SX,731.8952234206472
Wilmington House,500000,Flat / Apartment,572,1,1,1, Highbury,London,N5 1RX,874.1258741258741
Garnet Street,1200000,House,1125,3,3,3,Unknown,London,E1W 3QS,1066.6666666666667
Chilton Street,625000,Flat / Apartment,842,1,1,1,Shoreditch,London,E2 6EA,742.2802850356295
Geraldine Road,1350000,House,1873,5,5,5,Wandsworth,London,SW18 2NR,720.7688200747464
Furlong Road,1899950,House,1250,3,3,3,Unknown,London,N7 8LS,1519.96
Morpeth Mansions,2100000,Flat / Apartment,1556,4,4,4,Morpeth Terrace,London,SW1P 1ET,1349.6143958868895
Lord North Street,3900000,House,2139,3,3,3,Unknown,London,SW1P 3LD,1823.2819074333802
No.1 Grosvenor Square,39750000,New development,5623,5,5,5,Mayfair,London,W1K 4AB,7069.180152943269
No.1 Grosvenor Square,14250000,New development,2415,3,3,3,Mayfair,London,W1K 4AB,5900.621118012423
Montpelier Road,1300000,Flat / Apartment,1986,3,3,3,Unknown,London,W5 2QS,654.5820745216515
Greencoat Place,730000,Flat / Apartment,693,2,2,2,Westminster,London,SW1P 1AB,1053.3910533910534
Auriol Road,409950,Flat / Apartment,463,1,1,1,Unknown,London,W14 0SR,885.4211663066955
Allfarthing Lane,735000,Flat / Apartment,983,3,3,3,Wandsworth,London,SW18 2PG,747.7110885045778
Provost Street,495000,Flat / Apartment,499,1,1,1,Old Street,London,N1 7NB,991.9839679358718
City Lofts,875000,Flat / Apartment,898,1,1,1, Shoreditch,London,EC2A 4LE,974.3875278396437
Randolph Avenue,1250000,Flat / Apartment,913,2,2,2,Unknown,London,W9 1DJ,1369.1128148959474
Marlborough,700000,Flat / Apartment,870,2,2,2,Maida Vale,London,W9 1RW,804.5977011494252
No.1 Grosvenor,8250000,New development,1455,2,2,2,Mayfair,London,W1K 4AB,5670.103092783505
Southgate Road,835000,Flat / Apartment,878,2,2,2,Unknown,London,N1 3JZ,951.0250569476082
Orsman Road,800000,New development,920,3,3,3,Hackney,London,N1 5QJ,869.5652173913044
York Avenue,1950000,House,2006,5,5,5,Unknown,London,SW14 7LG,972.0837487537387
Globe Road,725000,House,904,3,3,3,Unknown,London,E1 4DY,801.9911504424779
Orchard Building,900000,Flat / Apartment,802,2,2,2, Clerkenwell,London,EC1V 3AP,1122.1945137157106
Park Lane,800000,Flat / Apartment,532,1,1,1,Mayfair,London,W1K 7AF,1503.7593984962407
Rusthall Avenue,2550000,House,2679,5,5,5,Chiswick,London,W4 1BW,951.8477043673013
The Drive,1400000,Bungalow,2921,4,4,4, Uxbridge,Middlesex,UB10 8AF,479.28791509756934
Shirland Road,675000,Flat / Apartment,676,1,1,1,Maida Vale,London,W9 2BT,998.5207100591716
Herndon Road,725000,Flat / Apartment,875,2,2,2,Unknown,London,SW18 2DQ,828.5714285714286
Sir John Lyon House,3950000,Flat / Apartment,2780,3,3,3,8 High Timber Street,London,EC4V 3PA,1420.863309352518
Montrose Gardens,4750000,House,8590,7,7,7,Oxshott,Surrey,KT22 0UU,552.9685681024447
Grosvenor Road,2250000,House,2736,5,5,5,Chiswick,London,W4 4EH,822.3684210526316
Leys Road,4300000,House,9623,7,7,7,Oxshott,Surrey,KT22 0QE,446.84609789047073
Huron Road,2550000,House,3753,7,7,7,Unknown,London,SW17 8RD,679.4564348521183
Herondale Avenue,5500000,House,4292,6,6,6,Wandsworth,London,SW18 3JN,1281.4538676607642
Victoria Rise,435000,Flat / Apartment,465,1,1,1,Unknown,London,SW4 0PF,935.483870967742
Stapleton Hall Road,499950,Flat / Apartment,666,1,1,1,Unknown,London,N4 4QA,750.6756756756756
Denton Road,1800000,House,2098,4,4,4,Unknown,Twickenham,TW1 2TN,857.9599618684462
Gunmakers Lane,435000,Flat / Apartment,506,1,1,1,Unknown,London,E3 5GG,859.6837944664031
Rochester Row,995000,Flat / Apartment,747,2,2,2,Westminster,London,SW1P 1LQ,1331.9946452476572
Highstone House,1550000,Flat / Apartment,1315,3,3,3,21 Highbury Crescent,London,N5 1RX,1178.7072243346008
Vincent Square,3600000,House,2600,4,4,4,Unknown,London,SW1P 2NP,1384.6153846153845
Elsham Road,750000,Flat / Apartment,709,2,2,2,Unknown,London,W14 8HB,1057.8279266572638
Cambridge Street,680000,Flat / Apartment,581,2,2,2,Pimlico,London,SW1V 4QE,1170.39586919105
Roden Street,1395000,House,1428,5,5,5,Holloway,London,N7 6QJ,976.890756302521
Bolanachi Building,575000,Flat / Apartment,745,2,2,2,Enid Street,London,SE16 3EX,771.8120805369127
Barham Road,2675000,House,3595,5,5,5,Wimbledon,London,SW20 0ET,744.0890125173853
Shepherdess Walk,2200000,Flat / Apartment,2288,3,3,3,Old Street,London,N1 7LB,961.5384615384615
Wellington Close,2300000,House,1447,2,2,2,Unknown,London,W11 2AN,1589.4955079474776
Kenilworth Gardens,520000,House,1162,4,4,4,Unknown,London,SE18 3JB,447.5043029259897
Hillbrook Road,875000,House,1140,4,4,4,Unknown,London,SW17 8SF,767.5438596491229
Television Centre,740000,Penthouse,579,1,1,1,101 Wood Lane,London,W12 7FS,1278.0656303972366
Phoenix Way,525000,Flat / Apartment,699,2,2,2,Unknown,London,SW18 2PW,751.0729613733905
Brunswick Gardens,9500000,House,4454,5,5,5,Unknown,London,W8 4AJ,2132.9142343960484
Wood Crescent,1250000,Flat / Apartment,897,2,2,2,Unknown,London,W12 7GP,1393.5340022296543
Graveney Road,795000,House,1236,3,3,3,Unknown,London,SW17 0EQ,643.2038834951456
Philbeach Gardens,935000,Flat / Apartment,683,2,2,2,Unknown,London,SW5 9DY,1368.9604685212298
Chiswick Village,535000,Flat / Apartment,678,2,2,2,Unknown,London,W4 3DF,789.0855457227138
Sulgrave Road,1995000,House,2055,4,4,4,Unknown,London,W6 7QH,970.8029197080292
Coleraine Road,1800000,House,2996,5,5,5,Blackheath,London,SE3 7PQ,600.8010680907877
Wellfield Road,750000,House,1030,3,3,3,Unknown,London,SW16 2BY,728.1553398058253
17 Lillie Square,1430000,New development,905,2,2,2, Earls Court,London,SW6 1UE,1580.110497237569
Claremont Square,1500000,Flat / Apartment,1197,2,2,2,Unknown,London,N1 9LS,1253.1328320802006
Leppoc Road,1890000,House,2408,5,5,5,Unknown,London,SW4 9LT,784.8837209302326
Walsingham,1990000,Flat / Apartment,1364,3,3,3,St. Johns Wood Park,London,NW8 6RG,1458.9442815249267
Battersea Park Road,825000,Flat / Apartment,1109,2,2,2,Unknown,London,SW11 4ND,743.9134355275022
Samford House,525000,Flat / Apartment,779,4,4,4,Charlotte Terrace,London,N1 0JF,673.9409499358152
Buckston Browne Gardens,1900000,House,4558,5,5,5, Orpington,Kent,BR6 7FF,416.8494953927161
Leathwaite Road,725000,Flat / Apartment,635,2,2,2,Unknown,London,SW11 1XQ,1141.732283464567
Telfords Yard,900000,Flat / Apartment,1436,2,2,2,Unknown,London,E1W 2BS,626.740947075209
Belgrave Road,3995000,House,4642,6,6,6,Pimlico,London,SW1V 2BQ,860.6204222317966
Dalby Road,1100000,House,1420,3,3,3, Wandsworth,London1500,SW18 1AW,774.6478873239437
Deerings Drive,975000,House,1448,4,4,4,Pinner,Middlesex,HA5 2NZ,673.3425414364641
Astonville Street,1225000,House,1495,4,4,4,Southfields,London,SW18 5AG,819.3979933110368
Upper Halliford Road,325000,Flat / Apartment,601,2,2,2,Shepperton,Middlesex,TW17 8SH,540.7653910149751
Earlsfield Road,1175000,House,2259,5,5,5,Wandsworth,London,SW18 3DY,520.1416555998229
City Road,500000,Flat / Apartment,551,1,1,1,Shoreditch,London,EC1V 1AG,907.4410163339383
Wilton Place,6600000,House,3388,5,5,5,Unknown,London,SW1X 8RH,1948.051948051948
Hillbrow,850000,Flat / Apartment,1239,3,3,3, Richmond,Surrey,TW10 6BH,686.0371267150928
Church Road,3950000,House,4629,6,6,6, Richmond,Surrey,TW10 5HG,853.3160509829337
Regents Park Road,1750000,Flat / Apartment,1677,2,2,2,Primrose Hill,London,NW1 7SX,1043.530113297555
Spencer Road,1950000,House,2797,6,6,6,East Molesey,Surrey,KT8 0SP,697.1755452270289
York Mansions,2100000,Flat / Apartment,1550,3,3,3,Prince of Wales Drive,London,SW11 4BN,1354.8387096774193
Overstrand Mansions,1685000,Flat / Apartment,1318,2,2,2,Prince of Wales Drive,London,SW11 4EU,1278.4522003034901
Candlemakers Apartments,550000,Flat / Apartment,759,1,1,1, Battersea,London,SW11 3RS,724.6376811594203
Bond Mansions (Phase 2a),690000,New development,633,1,1,1,Unknown,Wornington Road,W10 5RZ,1090.047393364929
Bond Mansions (Phase 2a),685000,New development,594,1,1,1,Unknown,Wornington Road,W10 5RZ,1153.1986531986531
Bond Mansions (Phase 2a),765000,New development,733,2,2,2,Unknown,Wornington Road,W10 5RZ,1043.656207366985
Cavendish Road,435000,Flat / Apartment,412,1,1,1,Unknown,London,SW12 0BH,1055.8252427184466
Cavendish Road,435000,Flat / Apartment,420,1,1,1,Unknown,London,SW12 0BH,1035.7142857142858
Bond Mansions (Phase 2a),825000,New development,775,2,2,2,Unknown,Wornington Road,W10 5RZ,1064.516129032258
Gowing House,1150000,New development,1206,3,3,3, Wandsworth,London,SW18 1SZ,953.5655058043118
Bond Mansions,710000,New development,830,1,1,1,Unknown,Wornington Road,W10 5RZ,855.4216867469879
Avenue Close,1695000,Flat / Apartment,1168,2,2,2,Avenue Road,London,NW8 6DA,1451.1986301369864
Provost Street,500000,Flat / Apartment,508,1,1,1,Shoreditch,London,N1 7NB,984.2519685039371
Cavendish Road,850000,Flat / Apartment,907,3,3,3,Unknown,London,SW12 0BH,937.1554575523704
The Listed Building,970000,Flat / Apartment,1350,2,2,2,350 The Highway,London,E1W 3HU,718.5185185185185
Highbury Hill,1650000,House,1642,4,4,4,Unknown,London,N5 1AU,1004.8721071863581
Reynolds House,475000,Flat / Apartment,663,2,2,2,Approach Road,London,E2 9JR,716.4404223227752
Trouville Road,1050000,Flat / Apartment,1050,2,2,2,Unknown,London,SW4 8QL,1000.0
Clancarty Road,1750000,House,1770,4,4,4,Unknown,London,SW6 3AH,988.7005649717514
Pembridge Road,750000,Flat / Apartment,477,1,1,1,Unknown,London,W11 3HN,1572.3270440251572
Kensington House,650000,Flat / Apartment,1162,2,2,2, Woodford Green,Essex,IG8 8RJ,559.3803786574871
Belsize Avenue,580000,Flat / Apartment,607,1,1,1,Unknown,London,NW3 4BL,955.5189456342669
17 Lillie Square,1680000,New development,1100,2,2,2, Earls Court,London,SW6 1UE,1527.2727272727273
Turner House,1250000,Flat / Apartment,802,1,1,1, Covent Garden,London,WC2R 0PP,1558.6034912718205
Pierhead Lock,700000,Flat / Apartment,1387,4,4,4, Canary Wharf,London,E14 3FD,504.6863734679164
Barmouth Road,799999,Flat / Apartment,1283,2,2,2,Wandsworth,London,SW18 2DN,623.5378020265003
Margil House,825000,Flat / Apartment,1175,3,3,3,Singapore Road,London,W13 0FD,702.1276595744681
Television Centre,1050000,Flat / Apartment,953,2,2,2,101 Wood Lane,London,W12 7FT,1101.7838405036725
St. Ann's Crescent,575000,Flat / Apartment,720,2,2,2,Unknown,London,SW18 2LR,798.6111111111111
Eamont Court,725000,Flat / Apartment,617,2,2,2, St Johns Wood,London,NW8 7DW,1175.0405186385738
Hampton Court Way,1000000,House,1827,4,4,4,Unknown,Thames Ditton,KT7 0LT,547.3453749315818
Lanson Building,525000,Flat / Apartment,472,1,1,1,348 Queenstown Road,London,SW11 8QN,1112.2881355932204
Hepworth Court,1600000,Flat / Apartment,1019,3,3,3,30 Gatliff Road,London,SW1W 8QP,1570.1668302257115
Quarry Road,1550000,House,2326,5,5,5,Wandsworth,London,SW18 2QH,666.3800515907137
Barmouth Road,750000,Flat / Apartment,1176,3,3,3,Wandsworth,London,SW18 2DT,637.7551020408164
Baxendale Street,950000,House,987,2,2,2,Shoreditch,London,E2 7BY,962.5126646403243
Redesdale Street,4250000,House,2223,4,4,4,Unknown,London,SW3 4BL,1911.8308591992802
Oxford Road,710000,Flat / Apartment,730,2,2,2,Putney,London,SW15 2LF,972.6027397260274
Ravenswood Park,1100000,House,2007,4,4,4,Northwood,Middlesex,HA6 3PR,548.0817140009965
Davenham Avenue,1600000,House,2914,4,4,4,Northwood,Middlesex,HA6 3HW,549.073438572409
Chiltern Place,12950000,New development,2840,2,2,2, Marylebone,London,W1U 4EJ,4559.859154929577
Grosvenor Avenue,749950,Flat / Apartment,1053,3,3,3,Highbury,London,N5 2NP,712.2032288698955
Devonshire Road,899950,House,1344,5,5,5,Unknown,London,W5 4TR,669.6056547619048
Barwell Court Farmhouse,699950,House,1410,3,3,3, Chessington,Surrey,KT9 2LZ,496.41843971631204
Hugero Point,399995,Flat / Apartment,569,1,1,1, Greenwich,London,SE10 0GS,702.9789103690686
Ionian Building,525000,Flat / Apartment,814,1,1,1,45 Narrow Street,London,E14 8DW,644.9631449631449
Palladian Gardens,2500000,New development,2967,5,5,5,Chiswick,London,W4 2ER,842.6019548365352
Vanilla & Sesame Court,950000,Flat / Apartment,698,2,2,2,Curlew Street,London,SE1 2NP,1361.0315186246419
George Road,1750000,New development,2553,5,5,5,Kingston Upon Thames,Surrey,KT2 7NR,685.4680767724246
Lysia Street,1225000,House,1510,4,4,4,Fulham,London,SW6 6NE,811.2582781456954
Stormont Road,700000,Flat / Apartment,678,2,2,2,Unknown,London,SW11 5EJ,1032.448377581121
17 Lillie Square,2170000,New development,1081,3,3,3, Earls Court,London,SW6 1UE,2007.4005550416282
Cholmondeley Walk,3250000,House,3410,3,3,3,Richmond,Surrey,TW9 1NS,953.0791788856305
Talisman Tower,630000,Flat / Apartment,709,2,2,2, Canary Wharf,London,E14 9BU,888.5754583921015
St Paul Street,1600000,House,1565,3,3,3,Islington,London,N1 7AH,1022.3642172523962
Balcorne Street,475000,Flat / Apartment,626,2,2,2,South Hackney,London,E9 7AU,758.7859424920127
Ormond Road,1025000,Flat / Apartment,992,3,3,3,Richmond,Surrey,TW10 6TH,1033.266129032258
Fulham Road,500000,Flat / Apartment,481,1,1,1,Unknown,London,SW6 5SA,1039.5010395010395
Cleveland Street,550000,Flat / Apartment,358,1,1,1,Fitzrovia,London,W1T 6NU,1536.3128491620112
Ferry Road,4350000,House,4862,6,6,6,Barnes,London,SW13 9PR,894.6935417523653
Greenhill Court,575000,Flat / Apartment,997,2,2,2, Northwood,Middlesex,HA6 2BD,576.7301905717152
Orchard Rise,2650000,House,3009,5,5,5,Richmond,Surrey,TW10 5BX,880.6912595546693
Addison Gardens,775000,Flat / Apartment,1173,1,1,1,Unknown,London,W14 0DS,660.6990622335891
Wadham Road,1345000,House,1909,4,4,4,Putney,London,SW15 2LS,704.5573598742798
Carmalt Gardens,2250000,House,2978,5,5,5,Putney,London,SW15 6NE,755.5406312961719
Falcon Wharf,500000,Flat / Apartment,752,1,1,1, Battersea,London,SW11 3RY,664.8936170212766
Parliament View Apartments,1600000,Flat / Apartment,1192,2,2,2,Lambeth,London,SE1 7XQ,1342.2818791946308
Drapers Yard,515000,Flat / Apartment,578,1,1,1,Wandsworth,London,SW18 1SF,891.0034602076124
East Hill,495000,Flat / Apartment,693,1,1,1,Unknown,London,SW18 2HQ,714.2857142857143
Coborn Road,1485000,House,1541,4,4,4,Bow,London,E3 2DA,963.659961064244
Park Village East,3650000,House,2034,4,4,4,Regent's Park,London,NW1 7PZ,1794.4936086529008
Haberdasher Street,825000,Penthouse,896,3,3,3,Unknown,London,N1 6EJ,920.7589285714286
Melrose Road,630000,House,1596,4,4,4,Coulsdon,Surrey,CR5 3JH,394.7368421052632
Elspeth Road,675000,Flat / Apartment,1021,3,3,3,Unknown,London,SW11 1DS,661.1165523996083
Knightsbridge,17950000,New development,5880,5,5,5,Unknown,London,SW3 2AH,3052.721088435374
Clephane Road,699950,Flat / Apartment,976,3,3,3,Canonbury,London,N1 2FT,717.1618852459017
Thorpe Hall Mansions,600000,Flat / Apartment,854,3,3,3,Eaton Rise,London,W5 2HB,702.576112412178
Aragon Avenue,900000,House,1363,4,4,4,Thames Ditton,Surrey,KT7 0PY,660.3081438004402
Woodbourne Drive,1195000,House,2149,4,4,4, Esher,Surrey,KT10 0DR,556.0725919032108
Des Barres Court,395000,Penthouse,594,1,1,1, Greenwich,London,SE10 0GY,664.983164983165
Landmark East Tower,795000,Flat / Apartment,862,2,2,2,24 Marsh Wall,London,E14 9DB,922.2737819025522
Argyll Mansions,1350000,Flat / Apartment,1768,3,3,3,Bishops King Road,London,W14 8QQ,763.5746606334842
Benbow House,3600000,Flat / Apartment,2147,3,3,3,24 New Globe Walk,London,SE1 9DS,1676.7582673497905
Fernshaw Mansions,1599950,Flat / Apartment,1111,3,3,3,Fernshaw Road,London,SW10 0TD,1440.09900990099
The Tower,1850000,Flat / Apartment,1176,2,2,2,1 St. George Wharf,London,SW8 2DU,1573.1292517006802
Weldin Mews,875000,House,1211,3,3,3,Putney,London,SW18 1FT,722.543352601156
Portman Avenue,1350000,House,1830,5,5,5,Unknown,London,SW14 8NX,737.7049180327868
Bolingbroke Grove,625000,Flat / Apartment,760,2,2,2,Unknown,London,SW11 6HB,822.3684210526316
North Side Wandsworth Common,5500000,House,4273,6,6,6,Unknown,London,SW18 2SU,1287.1518839223029
Chiswick Wharf,1595000,House,1643,5,5,5,Chiswick,London,W4 2SR,970.785149117468
Pembridge Villas,4750000,House,2979,4,4,4,Unknown,London,W11 3EN,1594.4947969117154
Whittingstall Road,675000,Flat / Apartment,638,1,1,1,Fulham,London,SW6 4EA,1057.9937304075236
Noel Road,900000,Flat / Apartment,822,2,2,2,Islington,London,N1 8HD,1094.890510948905
Buckland Crescent,6450000,House,5288,6,6,6,Belsize Park,London,NW3 5DX,1219.7428139183055
Chantry Street,1600000,House,1195,2,2,2,Islington,London,N1 8NL,1338.9121338912134
Curzon Street,3750000,Flat / Apartment,1358,2,2,2,Mayfair,London,W1J 5HG,2761.413843888071
Banister House,465000,Flat / Apartment,730,2,2,2,Homerton High Street,London,E9 6BH,636.986301369863
North Street,850000,Flat / Apartment,842,2,2,2,Unknown,London,SW4 0HQ,1009.501187648456
Baronsmead Road,3250000,House,3179,6,6,6,Barnes,London,SW13 9RR,1022.3340673167663
Tower View Apartments,1500000,Flat / Apartment,1200,2,2,2,84 St. Katharines Way,London,E1W 1BE,1250.0
Old School Square,450000,Flat / Apartment,717,2,2,2,Canary Wharf,London,E14 7DJ,627.6150627615062
Ashley Gardens,2375000,Flat / Apartment,2123,3,3,3,Emery Hill Street,London,SW1P 1PD,1118.699952896844
Broom Close,1550000,House,3065,4,4,4,Esher,Surrey,KT10 9ET,505.7096247960848
Elers Road,1780000,House,2264,5,5,5,Ealing,London,W13 9QB,786.2190812720848
Mortimer Road,775000,Flat / Apartment,729,2,2,2,De Beauvoir,London,N1 4LA,1063.1001371742113
Palace Mansions,1450000,Flat / Apartment,1700,4,4,4,Earsby Street,London,W14 8QW,852.9411764705883
Wendon Street,425000,Flat / Apartment,563,1,1,1,Bow,London,E3 2JR,754.8845470692718
Cheyne Walk,2250000,Flat / Apartment,1171,2,2,2,Unknown,London,SW3 5LX,1921.4346712211784
Hyde Park Gardens,4250000,Penthouse,1946,4,4,4,Unknown,London,W2 2LU,2183.9671120246658
Byfeld Gardens,2000000,House,2009,4,4,4,Barnes,London,SW13 9HP,995.5201592832254
Severnake Close,800000,House,1260,4,4,4,Canary Wharf,London,E14 9WE,634.9206349206349
Harrowgate Road,900000,House,1275,3,3,3,Homerton,London,E9 5EB,705.8823529411765
Glebe Place,6950000,House,3774,5,5,5,Unknown,London,SW3 5JB,1841.5474297827238
Borneo Street,779000,Flat / Apartment,832,2,2,2,Putney,London,SW15 1QQ,936.2980769230769
Dyers Lane,945000,House,1146,2,2,2,Putney,London,SW15 6JR,824.6073298429319
Cygnet Close,1295000,House,2055,4,4,4,Northwood,Middlesex,HA6 2TA,630.1703163017031
Aristotle Road,599999,Flat / Apartment,821,2,2,2,Unknown,London,SW4 7UZ,730.8148599269184
Northcote Road,550000,Flat / Apartment,630,2,2,2,Unknown,London,SW11 6QB,873.015873015873
Vardens Road,700000,Flat / Apartment,680,2,2,2,Unknown,London,SW11 1RQ,1029.4117647058824
Waterloo Terrace,1850000,House,1512,3,3,3,Islington,London,N1 1TQ,1223.5449735449736
Ember Lane,1299995,House,2394,5,5,5,Esher,Surrey,KT10 8EF,543.0221386800334
Palace Road,2850000,House,5116,6,6,6,East Molesey,Surrey,KT8 9DW,557.0758405003909
Sheen Common Drive,2650000,House,2942,6,6,6,Richmond,Surrey,TW10 5BW,900.7477906186268
Vicary House,795000,New development,541,1,1,1,24 Bartholomew Close,London,EC1A 7BB,1469.5009242144176
47 Pilot Walk,995000,Penthouse,1485,3,3,3,Greenwich,London,SE10 0NW,670.03367003367
The Chase,2850000,House,5380,6,6,6, Tadworth,Surrey,KT20 6HZ,529.7397769516729
Saltram Crescent,750000,Flat / Apartment,1043,3,3,3,Unknown,London,W9 3JS,719.0795781399809
Langroyd Road,900000,House,1207,3,3,3,Unknown,London,SW17 7PL,745.6503728251864
Leighton House,875000,Flat / Apartment,922,3,3,3,John Islip Street,London,SW1P 4EA,949.0238611713665
Tennyson Road,775000,House,1201,3,3,3,Unknown,London,SW19 8SH,645.2955870108243
Port East Apartments,565000,Flat / Apartment,653,1,1,1, Canary Wharf,London,E14 4AX,865.2373660030628
City Road,2000000,New development,1342,3,3,3,Shoreditch,London,EC1V 1AZ,1490.312965722802
City Road,1000000,New development,772,2,2,2,Shoreditch,London,EC1V 1AZ,1295.3367875647668
Hillgate Place,3075000,House,1477,3,3,3,Unknown,London,W8 7ST,2081.922816519973
Albert Mews,1250000,House,1877,4,4,4,Canary Wharf,London,E14 8EH,665.9563132658498
Newman Street,895000,Flat / Apartment,601,1,1,1,Fitzrovia,London,W1T 1PN,1489.1846921797005
City Road,900000,Flat / Apartment,1273,2,2,2,Shoreditch,London,EC1V 2NR,706.9913589945012
Priory Lane,699950,House,1226,3,3,3,West Molesey,Surrey,KT8 2PS,570.9216965742252
Dartmouth Park Road,850000,Flat / Apartment,1382,3,3,3,Dartmouth Park,London,NW5 1SX,615.0506512301013
Battersea Church Road,725000,Flat / Apartment,872,2,2,2,Battersea,London,SW11 3LY,831.4220183486239
Mapleton Crescent,345000,Flat / Apartment,433,1,1,1,Wandsworth,London,SW18 4GY,796.7667436489608
Oxhey Road,950000,House,1896,4,4,4,Oxhey,Watford,WD19 4QQ,501.0548523206751
Venice Lodge,1700000,Penthouse,1378,3,3,3,Maida Vale,London,W9 1SD,1233.6719883889696
Stratford Road,1550000,Flat / Apartment,958,3,3,3,Unknown,London,W8 6QA,1617.9540709812109
Imperial Court,1350000,Flat / Apartment,1428,3,3,3,4-10 Lexham Gardens,London,W8 5JH,945.3781512605042
Highbury Place,999950,Flat / Apartment,726,2,2,2,Highbury,London,N5 1QZ,1377.3415977961433
Cross Street,3300000,House,2640,5,5,5,Islington,London,N1 2BH,1250.0
Kings Drive,1200000,House,2491,3,3,3,Surbiton,Surrey,KT5 8NQ,481.73424327579283
Winterdown Road,899950,House,1504,3,3,3,Esher,Surrey,KT10 8LJ,598.3710106382979
Marine Wharf East,485000,New development,545,1,1,1,Unknown,Surrey Quays,SE16 7UD,889.9082568807339
Lucienne Court,630000,Penthouse,1043,2,2,2,72 Lindfield Street,London,E14 6GT,604.0268456375838
47 Pilot Walk,720000,Flat / Apartment,987,2,2,2,Greenwich,London,SE10 0NW,729.483282674772
Park Road,2350000,House,2666,4,4,4,Grove Park,London,W4 3HP,881.470367591898
Edgarley Terrace,800000,Flat / Apartment,703,2,2,2,Unknown,London,SW6 6QE,1137.9800853485065
Octavia Street,1800000,House,1909,4,4,4,Battersea,London,SW11 3DN,942.9020429544264
Barrow Road,1650000,House,2942,5,5,5,Unknown,London,SW16 5PE,560.8429639700884
Marner Point,367500,Flat / Apartment,472,1,1,1, Bow,London,E3 3QE,778.6016949152543
Shandon Road,945000,Flat / Apartment,1081,2,2,2,Unknown,London,SW4 9HP,874.1905642923219
Princes Drive,2500000,House,5101,6,6,6, Leatherhead,Surrey,KT22 0UL,490.0999803960008
Watford Heath,995000,House,1845,4,4,4,Oxhey Village,Watford,WD19 4EU,539.2953929539295
Catalina House,685000,Flat / Apartment,560,1,1,1,4 Canter Way,London,E1 8QE,1223.2142857142858
Rosemont Road,1100000,House,1582,4,4,4,Hampstead,London,NW3 6NE,695.3223767383059
17 Lillie Square,865000,New development,606,1,1,1, Earls Court,London,SW6 1UE,1427.3927392739274
Haverstock Place,725000,Flat / Apartment,696,2,2,2,Haverstock Street,London,N1 8BX,1041.6666666666667
Saville Road,1200000,House,1310,4,4,4,Chiswick,London,W4 5HG,916.0305343511451
Castelnau,1700000,House,2126,4,4,4,Barnes,London,SW13 9ER,799.623706491063
East Hill,425000,Flat / Apartment,574,1,1,1,Unknown,London,SW18 2HG,740.4181184668989
Herne Road,995000,House,1839,5,5,5,Surbiton,Surrey,KT6 5BX,541.0549211528005
Ludo Building,525000,Flat / Apartment,596,2,2,2,375 Earlsfield Road,London,SW18 3DG,880.8724832214765
Paultons Square,6350000,House,2948,4,4,4,Unknown,London,SW3 5AP,2154.002713704206
Broom Road,2275000,House,2803,5,5,5,Teddington,Middlesex,TW11 9PG,811.6303960042811
Burnelli Building,825000,Flat / Apartment,722,2,2,2, 352 Queenstown Road,London,SW11 8NG,1142.6592797783933
Peninsula Heights,1750000,Flat / Apartment,1481,2,2,2,93 Albert Embankment,London,SE1 7TY,1181.6340310600945
Atheldene Road,1100000,House,1632,3,3,3, Wandsworth,London,SW18 3BN,674.0196078431372
Old Ford Road,530000,Flat / Apartment,626,2,2,2,Unknown,London,E3 5NQ,846.6453674121406
St. Ann's Terrace,1795000,Flat / Apartment,1149,2,2,2,St. John's Wood,London,NW8 6PH,1562.2280243690166
Mallinson Road,725000,Flat / Apartment,805,2,2,2,Unknown,London,SW11 1BL,900.6211180124224
Richmond Road,775000,Flat / Apartment,996,2,2,2,Hackney,London,E8 3QW,778.1124497991968
Manor Road,850000,House,1242,3,3,3,Unknown,London,W13 0JA,684.3800322061192
The Gallops,825000,House,1272,3,3,3,Esher,Surrey,KT10 8BN,648.5849056603773
Henry Tate Mews,845000,House,1510,4,4,4,Unknown,London,SW16 3HA,559.6026490066225
Paget Street,850000,Flat / Apartment,826,2,2,2,Clerkenwell,London,EC1V 7PA,1029.0556900726392
Ennismore Avenue,875000,Flat / Apartment,977,2,2,2,Chiswick,London,W4 1SE,895.5987717502559
Malthouse Passage,1000000,House,1354,3,3,3,Barnes,London,SW13 0AQ,738.5524372230428
Buckingham Court,1050000,Flat / Apartment,751,2,2,2,78 Buckingham Gate,London,SW1E 6PE,1398.1358189081225
Lavender Hill,575000,Flat / Apartment,765,2,2,2,Unknown,London,SW11 5RW,751.6339869281046
Benbow Road,995000,Flat / Apartment,1013,2,2,2,Unknown,London,W6 0AU,982.2309970384995
Brendon Close,1650000,House,3285,4,4,4,Esher,Surrey,KT10 9EH,502.283105022831
Wood Crescent,1545000,New development,1440,2,2,2,Unknown,London,W12 7GJ,1072.9166666666667
The Highway,869995,Flat / Apartment,1333,2,2,2,Unknown,London,E1W 3HU,652.6594148537134
Dungarvan Avenue,1295000,House,1647,4,4,4,Putney,London,SW15 5QU,786.2780813600485
Ensleigh Lodge,4250000,House,3893,5,5,5,25 Ham Common,Surrey,TW10 7JB,1091.703056768559
Bessborough Place,1800000,House,1467,3,3,3,Unknown,London,SW1V 3SE,1226.993865030675
Cabul Road,799950,Flat / Apartment,1194,3,3,3,Unknown,London,SW11 2PN,669.9748743718593
Blackhills,1999500,House,3769,5,5,5,Esher,Surrey,KT10 9JW,530.5120721676838
Borneo Street,775000,Flat / Apartment,863,2,2,2,Putney,London,SW15 1QQ,898.0301274623407
Boleyn Road,885000,Penthouse,1084,3,3,3,Unknown,London,N16 8EP,816.4206642066421
Farnsworth Court,495000,Flat / Apartment,821,2,2,2, Greenwich,London,SE10 0RU,602.9232643118148
Seymour Road,1550000,New development,2690,5,5,5,East Molesey,Surrey,KT8 0PF,576.2081784386617
Chelsea Court,600000,Flat / Apartment,455,1,1,1,95 Elm Park Gardens,London,SW10 9QW,1318.6813186813188
Park Road,1925000,House,4124,6,6,6,Banstead,Surrey,SM7 3EF,466.77982541222116
Clapham Common North Side,3425000,House,3622,6,6,6,Unknown,London,SW4 9SB,945.6101601325234
Stillingfleet Road,1500000,House,2278,5,5,5,Barnes,London,SW13 9AF,658.4723441615453
Eustace Building,800000,Flat / Apartment,708,2,2,2, 372 Queenstown Road,London,SW11 8NT,1129.9435028248588
Highbury Place,1050000,Flat / Apartment,1020,2,2,2,Unknown,London,N5 1QP,1029.4117647058824
Islington Green,675000,Flat / Apartment,628,2,2,2,Islington,London,N1 2XA,1074.8407643312103
Highgate High Street,875000,Flat / Apartment,1077,2,2,2,Highgate,London,N6 5JG,812.4419684308264
Norman Avenue,1900000,House,2061,5,5,5,Unknown,Twickenham,TW1 2LY,921.8825812712275
Frithwood Avenue,450000,Flat / Apartment,708,2,2,2,Northwood,Middlesex,HA6 3LX,635.5932203389831
Elsham Road,750000,Flat / Apartment,778,2,2,2,Unknown,London,W14 8HB,964.0102827763496
Atkins Square,685000,New development,1000,3,3,3,Dalston Lane,London,E8 1FA,685.0
Dukes Mews,4000000,House,2435,3,3,3,Marylebone,London,W1U 3ET,1642.7104722792608
Beech Close,1335000,House,1771,3,3,3,Putney,London,SW15 4HW,753.8114059853191
Admiralty House,2250000,New development,1265,3,3,3,150 Vaughan Way,London,E1W 2AH,1778.6561264822135
Westfield,1625000,Flat / Apartment,1612,3,3,3, Hampstead,London,NW3 7SG,1008.0645161290323
Crane Grove,850000,Flat / Apartment,723,2,2,2,Unknown,London,N7 8LE,1175.6569847856156
Crane Grove,550000,Flat / Apartment,536,1,1,1,Unknown,London,N7 8LE,1026.1194029850747
Crane Grove,1400000,House,1259,3,3,3,Unknown,London,N7 8LE,1111.9936457505958
Balham Grove,1200000,House,1335,4,4,4,Nightingale Triangle,London,SW12 8AZ,898.876404494382
Lambourne Avenue,5995000,New development,6313,6,6,6,Wimbledon,London,SW19 7DW,949.6277522572469
Poppyfield House,495000,Flat / Apartment,767,2,2,2,Copperwood Place,London,SE10 8GD,645.3715775749674
Thornhill Road,2750000,House,2479,4,4,4, Islington,London,N1 1JT,1109.318273497378
Mare Street,1675000,House,2110,4,4,4,Hackney,London,E8 1HE,793.8388625592418
Asquith House,1595000,Flat / Apartment,1316,3,3,3, Westminster,London,SW1P 2AR,1212.0060790273556
Boydell Court,1395000,Flat / Apartment,1171,3,3,3,St. Johns Wood Park,London,NW8 6NJ,1191.2894961571308
The Galleries,3295000,Flat / Apartment,2435,4,4,4,9 Abbey Road,London,NW8 9AQ,1353.1827515400412
Fleur De Lis Street,800000,Flat / Apartment,857,1,1,1,Spitalfields,London,E1 6BP,933.4889148191365
Chester Row,3300000,House,1669,3,3,3,Belgravia,London,SW1W 8JP,1977.2318753744757
Queens Road,625000,Flat / Apartment,729,2,2,2,Richmond,Surrey,TW10 6JW,857.3388203017832
Oak Lodge Avenue,1000000,House,2232,5,5,5,Chigwell,Essex,IG7 5JA,448.02867383512546
Eden Close,2250000,House,1735,3,3,3,Unknown,London,W8 6UW,1296.8299711815562
Gillespie Road,550000,Flat / Apartment,585,1,1,1,Highbury,London,N5 1LN,940.1709401709402
Wood Lane,3250000,House,2813,5,5,5,Highgate,London,N6 5UB,1155.3501599715605
Perrymead Street,2990000,House,3175,6,6,6, Fulham,London,SW6 3SN,941.7322834645669
Spice Court,475000,Flat / Apartment,566,1,1,1,Asher Way,London,E1W 2JD,839.2226148409894
Victoria Wharf,750000,Flat / Apartment,885,2,2,2, Limehouse,London,E14 8DD,847.457627118644
Askew Mansions,675000,Flat / Apartment,858,3,3,3,Unknown,London,W12 9DA,786.7132867132867
Castelnau Gardens,950000,Flat / Apartment,1016,2,2,2,Barnes,London,SW13 8DU,935.0393700787401
Garratt Lane,450000,Flat / Apartment,495,1,1,1,Wandsworth,London,SW18 4SW,909.0909090909091
Castle Road,1500000,House,5587,7,7,7, Coulsdon,Surrey,CR5 3NS,268.48040093073206
King Henrys Road,2250000,Flat / Apartment,1547,3,3,3,Primrose Hill,London,NW3 3RP,1454.4279250161603
Cole Park Road,2295000,House,3823,6,6,6,Unknown,Twickenham,TW1 1HT,600.3138896154852
Montpelier Mews,2675000,House,1087,3,3,3,Unknown,London,SW7 1HB,2460.9015639374425
Sheen Common Drive,3650000,House,4135,5,5,5,Richmond,Surrey,TW10 5BN,882.7085852478839
Hillview,1250000,Flat / Apartment,943,2,2,2,2-4 Primrose Hill Road,London,NW3 3AX,1325.5567338282078
Sandown House,650000,Flat / Apartment,1031,2,2,2, Esher,Surrey,KT10 9SL,630.4558680892337
Drake House,850000,Flat / Apartment,861,2,2,2, Vauxhall,London,SW8 2LR,987.2241579558653
West India Quay,1000000,Flat / Apartment,1514,2,2,2, Canary Wharf,London,E14 4EF,660.5019815059445
Bartholomew Villas,825000,Flat / Apartment,687,2,2,2,Kentish Town,London,NW5 2LL,1200.8733624454148
Distillery Wharf,1050000,Flat / Apartment,1091,2,2,2, Regatta Lane,London,W6 9BF,962.4197983501375
Great North Road,2375000,House,3116,6,6,6,Highgate,London,N6 4LU,762.1951219512196
Parkfields,2950000,House,3235,6,6,6,Putney,London,SW15 6NH,911.9010819165379
Montevetro,1595000,Flat / Apartment,1219,2,2,2, Battersea,London,SW11 3YL,1308.4495488105003
St. John's Wood Terrace,3750000,House,2243,5,5,5,St John's Wood,London,NW8 6JL,1671.868033883192
Birchside Apartments,550000,Flat / Apartment,599,1,1,1, Queens Park,London,NW6 5FS,918.1969949916528
Alaska Apartments,590000,Flat / Apartment,1048,2,2,2, Royal Docks,London,E16 1BW,562.9770992366413
Newton Street,1298000,New development,591,1,1,1,Covent Garden,London,WC2B 5EL,2196.2774957698816
Eaton Terrace,7100000,House,2908,5,5,5,Belgravia,London,SW1W 8TW,2441.540577716644
Hardwicks Square,450000,Flat / Apartment,572,1,1,1,Wandsworth,London,SW18 4AG,786.7132867132867
Union Wharf,1795000,House,1842,3,3,3, Islington,London,N1 7BL,974.4842562432138
Kingsland Road,375000,Flat / Apartment,450,1,1,1,Unknown,London,E2 8AS,833.3333333333334
Globe House,660000,Flat / Apartment,929,2,2,2, Canary Wharf,London,E14 0LU,710.4413347685684
Wadham Gardens,7950000,Flat / Apartment,4168,4,4,4,Primrose Hill,London,NW3 3DN,1907.3896353166986
Dunraven Road,775000,Flat / Apartment,858,2,2,2,Unknown,London,W12 7QY,903.2634032634032
Chronicle Tower,995000,Flat / Apartment,875,2,2,2, Shoreditch,London,EC1V 1AL,1137.142857142857
Lillian Road,1350000,House,1520,3,3,3,Barnes,London,SW13 9JF,888.1578947368421
Polworth Road,535000,Flat / Apartment,887,3,3,3,Unknown,London,SW16 2EU,603.1567080045096
Marylands Road,385000,Flat / Apartment,344,1,1,1,Unknown,London,W9 2DU,1119.1860465116279
Earl's Court Square,1195000,Flat / Apartment,723,2,2,2,Unknown,London,SW5 9DQ,1652.83540802213
"Castle Court, Putney Wharf",1195000,Penthouse,1260,3,3,3, Putney,London,SW15 2JJ,948.4126984126984
Weymouth Mews,1575000,Flat / Apartment,979,2,2,2,Marylebone,London,W1G 7EG,1608.7844739530133
Montpelier Mews,3700000,House,2381,4,4,4,Unknown,London,SW7 1HB,1553.9689206215876
Bartholomew Road,550000,Flat / Apartment,474,1,1,1,Kentish Town,London,NW5 2AS,1160.337552742616
Downshire Hill,4250000,House,2402,3,3,3,Hampstead,London,NW3 1NT,1769.3588676103248
Meadvale Road,1300000,House,1668,4,4,4,Unknown,London,W5 1LT,779.3764988009592
Earl's Court Square,625000,Flat / Apartment,491,1,1,1,Unknown,London,SW5 9DN,1272.9124236252546
Stylus House,445000,Flat / Apartment,667,2,2,2,Devonport Street,London,E1 0EG,667.1664167916042
Balham Hill,670000,Flat / Apartment,743,2,2,2,Unknown,London,SW12 9EA,901.749663526245
Fernside Road,1385000,House,1837,4,4,4,Unknown,London,SW12 8LL,753.946652150245
Englewood Road,1650000,House,2305,5,5,5,Unknown,London,SW12 9PA,715.8351409978308
Hightrees House,625000,Flat / Apartment,768,2,2,2,Nightingale Lane,London,SW12 8AH,813.8020833333334
St John Street,995000,Flat / Apartment,800,2,2,2,Clerkenwell,London,EC1M 4DT,1243.75
Dale Street,465000,Flat / Apartment,594,1,1,1,Chiswick,London,W4 2BZ,782.8282828282828
Handel Mansions,1300000,Flat / Apartment,1299,2,2,2, Barnes,London,SW13 8AH,1000.7698229407237
Ormiston Grove,2000000,House,3165,5,5,5,Unknown,London,W12 0JR,631.911532385466
The Heights,1075000,Flat / Apartment,1138,2,2,2, Hampstead,London,NW3 6XS,944.6397188049209
Henderson Road,5000000,House,4980,6,6,6,Unknown,London,SW18 3RR,1004.0160642570281
Victoria Rise,1750000,New development,2431,4,4,4,Hilgrove Road,London,NW6 4TH,719.8683669271904
Bridge Lane,1850000,House,1679,3,3,3,Unknown,London,SW11 3AD,1101.84633710542
Dunbar Wharf,900000,Flat / Apartment,1054,2,2,2, Limehouse,London,E14 8BB,853.8899430740038
Peninsula Heights,4795000,Flat / Apartment,3943,5,5,5, Vauxhall,London,SE1 7TY,1216.0791275678419
Pissarro House,600000,Flat / Apartment,568,1,1,1,Augustas Lane,London,N1 1QT,1056.338028169014
Old York Road,665000,Flat / Apartment,956,2,2,2,Unknown,London,SW18 1SS,695.6066945606694
Brodrick Road,1650000,House,2335,3,3,3,Wandsworth,London,SW17 7DX,706.6381156316917
Southmont Road,999950,House,2249,5,5,5,Esher,Surrey,KT10 9BG,444.619831036016
Victoria Road,2250000,House,2030,6,6,6,Unknown,London,NW6 6TD,1108.3743842364531
Grosvenor Avenue,1245000,House,1773,4,4,4,Unknown,London,SW14 8BX,702.1996615905246
Cadogan Terrace,435000,Flat / Apartment,510,1,1,1,Hackney,London,E9 5EL,852.9411764705883
Pleydell Avenue,2000000,House,2315,5,5,5,Unknown,London,W6 0XX,863.9308855291576
Churston Mansions,700000,Penthouse,623,2,2,2,176 Gray's Inn Road,London,WC1X 8ER,1123.5955056179776
Harland House,730000,New development,801,2,2,2,30-34 Woodfield Place,London,W9 2BJ,911.3607990012484
Marchbank House,525000,Flat / Apartment,1239,2,2,2, Northwood,Middlesex,HA6 2SG,423.728813559322
Marylebone High Street,7250000,New development,1991,3,3,3,Marylebone,London,W1U 4PY,3641.386238071321
Manville Road,2895000,House,4503,7,7,7,Unknown,London,SW17 8JL,642.9047301798801
Chesterfield House,2850000,Flat / Apartment,1275,3,3,3, Mayfair,London,W1J 5JX,2235.294117647059
Cambridge Road,599950,Flat / Apartment,710,2,2,2,Unknown,London,SW11 4RR,845.0
Wesley Street,5250000,House,3092,5,5,5,Marylebone,London,W1G 8PT,1697.9301423027166
Hugero Point,600000,Flat / Apartment,869,2,2,2, Greenwich,London,SE10 0GS,690.4487917146145
Abbeville Road,2350000,House,3071,5,5,5,Unknown,London,SW4 9JL,765.2230543796809
Cromford Road,899950,Flat / Apartment,1195,2,2,2,Putney,London,SW18 1PA,753.0962343096235
Islington Green,670000,Flat / Apartment,662,1,1,1,Unknown,London,N1 2XA,1012.0845921450151
Buckingham Court,1175000,Flat / Apartment,776,2,2,2, Notting Hill,London,W11 3BP,1514.1752577319587
Bramfield Road,1550000,House,1953,4,4,4,Unknown,London,SW11 6PZ,793.6507936507936
Honeywell Road,1995000,House,2116,5,5,5,Unknown,London,SW11 6EQ,942.8166351606806
Cadogan Place,1950000,Flat / Apartment,809,2,2,2,Unknown,London,SW1X 9RU,2410.383189122373
Dorset Court,725000,Duplex,940,3,3,3,Hertford Road,London,N1 4SD,771.2765957446809
Priory Road,2250000,House,2293,4,4,4,South Hampstead,London,NW6 4NN,981.2472743131269
Adelphi Court,400000,Flat / Apartment,708,2,2,2,Chiswick,London,W4 4QF,564.9717514124294
Old Chesterton Building,875000,Flat / Apartment,1141,2,2,2,Unknown,110 Battersea Park Road,SW11 4LZ,766.8711656441718
Albert Bridge Road,1500000,Flat / Apartment,1186,3,3,3,Unknown,London,SW11 4PY,1264.7554806070825
Brodrick Road,2150000,House,2598,5,5,5, Wandsworth,London,SW17 7DX,827.5596612779061
Stillingfleet Road,895000,House,1133,3,3,3,Barnes,London,SW13 9AG,789.9382171226831
Bute Gardens,2175000,House,2243,4,4,4,Unknown,London,W6 7DS,969.6834596522515
Manchuria Road,1750000,House,2012,5,5,5,Unknown,London,SW11 6AF,869.7813121272366
Pembridge Crescent,8500000,Flat / Apartment,3493,4,4,4,Unknown,London,W11 3DS,2433.438305181792
Cato Street,2500000,House,1888,3,3,3,Marylebone,London,W1H 5JH,1324.1525423728813
St. Alphonsus Road,925000,House,760,2,2,2,Unknown,London,SW4 7BW,1217.1052631578948
Sugar House,550000,Flat / Apartment,481,1,1,1,99 Leman Street,London,E1 8GH,1143.4511434511435
Boatman's Court,879950,New development,1048,2,2,2, Putney,London,SW15 1PP,839.6469465648855
Airedale Avenue,2300000,House,2526,5,5,5,Chiswick,London,W4 2NN,910.5304829770388
Millennium House,650000,Flat / Apartment,664,2,2,2, Putney,London,SW15 2DN,978.9156626506024
Alacia Court,600000,New development,813,2,2,2,Palmerston Road,London,W3 8GJ,738.0073800738007
Quebec Wharf,775000,Flat / Apartment,941,1,1,1,315 Kingsland Road,London,E8 4DJ,823.5919234856535
Cumberland Terrace,7250000,Flat / Apartment,2248,4,4,4,Regent's Park,London,NW1 4HP,3225.08896797153
Winsham Grove,950000,Flat / Apartment,1160,3,3,3,Unknown,London,SW11 6NE,818.9655172413793
Alderbrook Road,1650000,House,2434,5,5,5,Unknown,London,SW12 8AF,677.8964667214461
Ellington Street,1000000,Flat / Apartment,909,2,2,2,Unknown,London,N7 8PL,1100.1100110011
Mayford Road,975000,Flat / Apartment,1281,2,2,2,Unknown,London,SW12 8RZ,761.1241217798595
Compass House,675000,Flat / Apartment,1097,2,2,2,Smugglers Way,London,SW18 1DB,615.3144940747493
Palace Place,3495000,Flat / Apartment,2176,3,3,3,Unknown,London,SW1E 5BJ,1606.1580882352941
Heathview Court,350000,Flat / Apartment,507,1,1,1,70 Parkside,London,SW19 5NL,690.335305719921
Hills Lane,880000,House,1573,3,3,3,Northwood,Middlesex,HA6 2QL,559.4405594405595
Leinster Square,1250000,Flat / Apartment,763,1,1,1,Bayswater,London,W2 4NQ,1638.26998689384
Wallace Road,800000,Flat / Apartment,1022,2,2,2,Canonbury,London,N1 2PQ,782.7788649706458
Malvern Road,735000,Flat / Apartment,747,2,2,2,Hackney,London,E8 3LJ,983.9357429718875
Redfield Lane,1995000,New development,1495,4,4,4,Unknown,London,SW5 0RQ,1334.448160535117
Emmanuel Road,1350000,House,2355,5,5,5,Unknown,London,SW12 0HR,573.2484076433121
Rossiter Road,995000,House,1255,4,4,4,Unknown,London,SW12 9RY,792.8286852589641
Streathbourne Road,2000000,House,2680,6,6,6,Unknown,London,SW17 8RA,746.2686567164179
Rydal Road,750000,Flat / Apartment,1019,2,2,2,Unknown,London,SW16 1QF,736.0157016683023
Ontario Tower,1450000,Flat / Apartment,1849,2,2,2,4 Fairmont Avenue,London,E14 9JD,784.2076798269335
South Quay  Plaza,1300000,New development,1203,3,3,3,Canary Wharf,London,E14 9SH,1080.6317539484621
Hammersmith Grove,800000,Flat / Apartment,833,2,2,2,Unknown,London,W6 0NJ,960.3841536614646
Rivermead,1100000,House,1822,4,4,4,East Molesey,Surrey,KT8 9AZ,603.7321624588365
Ashley Park Avenue,2795000,House,4704,4,4,4,Walton-on-Thames,Surrey,KT12 1ET,594.1751700680272
Grafton Square,2000000,House,2226,4,4,4,Unknown,London,SW4 0DB,898.4725965858041
Cambridge Heath Road,360000,Flat / Apartment,411,1,1,1,Bethnal Green,London,E2 9RA,875.9124087591241
Octavia House,950000,Flat / Apartment,970,2,2,2, Fulham,London,SW6 2FJ,979.3814432989691
King Edward House,825000,Flat / Apartment,1819,3,3,3,King Edward Place,Bushey,WD23 2RG,453.5459043430456
Grosvenor Square,2950000,Flat / Apartment,840,2,2,2,Mayfair,London,W1K 6LD,3511.904761904762
Hosack Road,1200000,House,1572,3,3,3,Unknown,London,SW17 7QP,763.3587786259542
Fulham Road,15000000,New development,6333,4,4,4,Unknown,London,SW10 9UZ,2368.5457129322594
Worple Road,950000,Penthouse,1255,2,2,2,Unknown,London,SW19 4BJ,756.9721115537849
Hereford Road,1495000,Flat / Apartment,939,2,2,2,Unknown,London,W2 4TQ,1592.1192758253462
Cumberland Street,2750000,House,2738,5,5,5,Unknown,London,SW1V 4LZ,1004.3827611395179
Manfred Court,615000,Flat / Apartment,694,2,2,2,Manfred Road,London,SW15 2RT,886.1671469740634
St. Ann's Crescent,580000,Flat / Apartment,817,2,2,2,Wandsworth,London,SW18 2LR,709.9143206854345
Selhurst Close,475000,Flat / Apartment,695,2,2,2,Unknown,London,SW19 6AZ,683.4532374100719
Tooting Bec Gardens,525000,Flat / Apartment,1152,3,3,3,Unknown,London,SW16 1RB,455.7291666666667
Skysail Building,325000,Flat / Apartment,500,1,1,1,210 Poplar High Street,London,E14 0BB,650.0
Northways,995000,Flat / Apartment,1039,2,2,2,College Crescent,London,NW3 5DP,957.6515880654475
Zulu Mews,995000,House,1275,2,2,2,Battersea,London,SW11 2BQ,780.3921568627451
Pelham Road,1295000,House,1775,3,3,3,Unknown,London,SW19 1NP,729.5774647887324
Barmouth Road,1150000,House,1758,4,4,4,Wandsworth,London,SW18 2DT,654.1524459613197
Brocklebank Road,1100000,House,1432,4,4,4,Wandsworth,London,SW18 3AT,768.1564245810056
Killarney Road,560000,Flat / Apartment,661,2,2,2,Unknown,London,SW18 2DU,847.2012102874432
Townshend Court,475000,Flat / Apartment,471,1,1,1,Shannon Place,London,NW8 7DP,1008.4925690021231
Exchange Building,1100000,Penthouse,1052,2,2,2, Shoreditch,London,E1 6NQ,1045.6273764258556
Cadogan Square,7250000,Flat / Apartment,2258,3,3,3,Unknown,London,SW1X 0HU,3210.8060230292294
Kreisel Walk,1695000,House,1842,4,4,4,Richmond,Surrey,TW9 3AL,920.1954397394137
Crogsland Road,499999,Flat / Apartment,464,1,1,1,Chalk Farm,London,NW1 8AY,1077.584051724138
Erskine Road,398000,Flat / Apartment,292,1,1,1,Primrose Hill,London,NW3 3AJ,1363.013698630137
Turner Place,845000,House,776,2,2,2,Unknown,London,SW11 1EB,1088.9175257731958
Thornhill Grove,2100000,House,1677,3,3,3,Islington,London,N1 1JG,1252.2361359570662
Ockendon Road,1395000,Flat / Apartment,1359,3,3,3,Unknown,London,N1 3NW,1026.4900662251655
Regis Place,900000,Flat / Apartment,1013,2,2,2,10 Llanvanor Road,London,NW2 2AP,888.4501480750247
Dartmouth Park Road,1850000,House,1623,3,3,3,Unknown,London,NW5 1SU,1139.864448552064
Belsize Park Gardens,4500000,Flat / Apartment,2774,4,4,4,Belsize Park,London,NW3 4LD,1622.2062004325883
Arnison Road,1650000,House,2698,5,5,5,East Molesey,Surrey,KT8 9JF,611.5641215715344
Manor Drive,925000,House,1483,4,4,4,Esher,Surrey,KT10 0AU,623.7356709372892
Rosary Gardens,1495000,Flat / Apartment,868,2,2,2,Unknown,London,SW7 4NN,1722.3502304147466
Carlton Road,1245000,House,1489,4,4,4,Unknown,London,SW14 7RJ,836.1316319677636
Bridewell Place,950000,Flat / Apartment,1087,3,3,3,Unknown,London,E1W 2PB,873.965041398344
Wexford Road,3300000,House,4415,6,6,6,Unknown,London,SW12 8NH,747.4518686296716
Dance Square,800000,Flat / Apartment,814,2,2,2,Clerkenwell,London,EC1V 3AL,982.8009828009828
Vitae,725000,Flat / Apartment,1023,2,2,2,Unknown,311 Goldhawk Road,W6 0SZ,708.6999022482894
Rockley Road,3000000,House,2853,5,5,5,Unknown,London,W14 0DA,1051.5247108307046
Brynmaer Road,2350000,House,2299,5,5,5,Battersea,London,SW11 4EN,1022.1835580687256
Kings Gate Walk,1860000,Flat / Apartment,1174,2,2,2,Victoria,London,SW1E 6AN,1584.3270868824532
Eccleston Square,850000,Flat / Apartment,601,2,2,2, Westminster,London,SW1V 1NS,1414.3094841930117
Horizon Building,650000,Flat / Apartment,929,2,2,2, Canary Wharf,London,E14 4AW,699.6770721205597
Fulham Park Gardens,775000,Flat / Apartment,780,3,3,3,Unknown,London,SW6 4JZ,993.5897435897435
Arnison Road,2575000,House,3785,5,5,5,East Molesey,Surrey,KT8 9JJ,680.3170409511229
Oxberry Avenue,625000,Flat / Apartment,693,2,2,2,Fulham,London,SW6 5SP,901.8759018759018
Barons Walk,885000,New development,1175,3,3,3,Kenninghall Road,London,E5 8DF,753.1914893617021
Sefton Street,595000,New development,647,2,2,2,Putney,London,SW15 1NA,919.629057187017
Sefton Street,595000,New development,657,2,2,2,Putney,London,SW15 1NA,905.6316590563166
Sefton Street,539950,New development,592,2,2,2,Putney,London,SW15 1NA,912.0777027027027
Thornton Place,750000,Flat / Apartment,1420,2,2,2,Clapham Common North Side,London,SW4 0AB,528.169014084507
Willow Bridge Road,1750000,Flat / Apartment,1203,3,3,3, Islington,London,N1 2LA,1454.6965918536991
Seacon Tower,575000,Flat / Apartment,701,2,2,2,5 Hutchings Street,London,E14 8JX,820.2567760342369
Blandfield Road,1300000,House,1272,4,4,4,Unknown,London,SW12 8BG,1022.0125786163522
Aumbrey Apartments,650000,Flat / Apartment,864,3,3,3,Eastway,London,E9 5HE,752.3148148148148
St Georges Terrace,2750000,Flat / Apartment,1471,3,3,3,Primrose Hill,London,NW1 8XH,1869.4765465669614
Gloucester Avenue,2275000,Flat / Apartment,1540,3,3,3,Primrose Hill,London,NW1 8JD,1477.2727272727273
Grosvenor Waterside,1295000,Flat / Apartment,887,2,2,2,9 Gatliff Road,London,SW1W 8DQ,1459.977452085682
Church Road,675000,Flat / Apartment,863,2,2,2,Richmond,Surrey,TW10 6LW,782.1552723059096
Beauchamp Road,760000,Flat / Apartment,764,2,2,2,Unknown,London,SW11 1PG,994.7643979057592
Orlando Road,850000,Flat / Apartment,820,2,2,2,Unknown,London,SW4 0LF,1036.5853658536585
Wells Place,850000,House,1356,3,3,3,London,Wandsworth,SW18 3BF,626.8436578171091
Pudding Lane,3750000,House,5272,5,5,5,Chigwell,Essex,IG7 6BY,711.3050075872534
Station Way,285000,Flat / Apartment,693,2,2,2,Buckhurst Hill,Essex,IG9 6LN,411.2554112554113
Newnham House,470000,Flat / Apartment,885,2,2,2, Loughton,Essex,IG10 4JH,531.0734463276837
Graham Road,1575000,House,1799,4,4,4,Hackney,London,E8 1BZ,875.4863813229572
Gaumont Place,625000,New development,667,2,2,2,Unknown,London,SW2 4GD,937.031484257871
Rusthall Avenue,1900000,House,2199,4,4,4,Chiswick,London,W4 1BS,864.0291041382446
Cleveland Road,2895000,House,3334,6,6,6,Barnes,London,SW13 0AA,868.3263347330534
Sinclair Road,725000,Flat / Apartment,748,2,2,2,Unknown,London,W14 0NJ,969.2513368983957
Television Centre,750000,Flat / Apartment,580,1,1,1,101 Wood Lane,London,W12 7FT,1293.103448275862
Abercrombie Street,1100000,House,1324,3,3,3,Unknown,London,SW11 2JB,830.8157099697885
Ransomes Dock,2350000,Flat / Apartment,2168,3,3,3, Battersea,London,SW11 4NP,1083.9483394833949
Romney House,2150000,Flat / Apartment,1959,3,3,3,47 Marsham Street,London,SW1P 3DR,1097.4987238386932
Worple Road,1300000,House,2346,5,5,5,Wimbledon,London,SW20 8RQ,554.1346973572038
Steeple Court,795000,Flat / Apartment,1082,2,2,2, Wimbledon,London,SW19 7BP,734.7504621072088
Cottenham Park Road,1350000,Flat / Apartment,1888,3,3,3,Wimbledon,London,SW20 0RZ,715.042372881356
Penshurst Road,510000,Flat / Apartment,721,2,2,2,Unknown,London,E9 7DT,707.3509015256589
Landmark Court,550000,Flat / Apartment,469,2,2,2, Marylebone,London,NW1 6SL,1172.7078891257995
Eamont Court,635000,Flat / Apartment,619,2,2,2,Eamont Street,London,NW8 7DG,1025.8481421647818
Visage Apartments,670000,Flat / Apartment,669,1,1,1,Winchester Road,London,NW3 3NE,1001.4947683109118
Tannery House,675000,Flat / Apartment,774,1,1,1,Unknown,6 Deal Street,E1 5AG,872.0930232558139
City Road,1000000,Flat / Apartment,1173,2,2,2,Shoreditch,London,EC1V 2NR,852.5149190110827
First Street,3650000,House,1616,2,2,2,Unknown,London,SW3 2LD,2258.6633663366338
Grosvenor Road,2000000,House,1884,5,5,5,Richmond,Surrey,TW10 6PE,1061.5711252653928
Amerland Road,1075000,House,1255,3,3,3,Putney,London,SW18 1PZ,856.5737051792829
Chelverton Road,799950,Flat / Apartment,905,2,2,2,Putney,London,SW15 1RN,883.9226519337017
Carlton Drive,3695000,House,4661,6,6,6,Putney,London,SW15 2DH,792.748337266681
Copse Wood Way,1750000,House,3026,5,5,5,Northwood,Middlesex,HA6 2UB,578.3212161269003
Sisters Avenue,500000,Flat / Apartment,524,2,2,2,Unknown,London,SW11 5SQ,954.1984732824427
Ashness Road,855000,Flat / Apartment,926,2,2,2,Unknown,London,SW11 6RY,923.3261339092873
Shamrock Street,675000,Flat / Apartment,693,2,2,2,Unknown,London,SW4 6HE,974.025974025974
Turner Place,1295000,House,1324,4,4,4,Unknown,London,SW11 1EB,978.0966767371601
Broxash Road,1450000,House,1920,5,5,5,Unknown,London,SW11 6AB,755.2083333333334
Lillieshall Road,1675000,House,1558,3,3,3,Unknown,London,SW4 0LP,1075.0962772785622
Old York Road,450000,Flat / Apartment,458,1,1,1,Unknown,London,SW18 1SS,982.5327510917031
Old York Road,600000,Flat / Apartment,818,2,2,2,Unknown,London,SW18 1SS,733.4963325183375
Old York Road,525000,Flat / Apartment,565,1,1,1,Unknown,London,SW18 1SS,929.2035398230089
Westside Court,850000,Flat / Apartment,791,2,2,2,Elgin Avenue,London,W9 2NP,1074.589127686473
Hallam Street,1095000,Flat / Apartment,663,2,2,2,Marylebone,London,W1W 6JN,1651.5837104072398
Wimpole Street,2575000,Flat / Apartment,1374,3,3,3,Marylebone,London,W1G 8AE,1874.090247452693
Mount Street,1750000,Flat / Apartment,1089,2,2,2,Mayfair,London,W1K 2RP,1606.9788797061524
Princes Drive,5950000,New development,11610,6,6,6,Oxshott,Surrey,KT22 0UL,512.489233419466
Groom Place,1950000,House,1010,2,2,2,Unknown,London,SW1X 7BA,1930.6930693069307
Tedworth Square,1395000,Flat / Apartment,757,1,1,1,Unknown,London,SW3 4DY,1842.800528401585
Aubrey Road,3200000,House,2282,3,3,3,Unknown,London,W8 7JJ,1402.2787028921998
Campden Hill Gardens,775000,Flat / Apartment,476,1,1,1,Unknown,London,W8 7AX,1628.1512605042017
Callcott Street,2300000,House,1433,3,3,3,Unknown,London,W8 7SU,1605.0244242847173
Hillborough Court,300000,Flat / Apartment,483,1,1,1,Livermere Road,London,E8 4LG,621.1180124223603
St. Anns Gardens,1795000,House,1787,4,4,4,Kentish Town,London,NW5 4ER,1004.4767767207611
Creighton Avenue,1550000,House,1888,4,4,4,Unknown,London,N2 9BJ,820.9745762711865
Roderick Road,875000,Flat / Apartment,985,2,2,2,Unknown,London,NW3 2NL,888.3248730964467
Inglethorpe Street,2350000,House,2858,5,5,5, Fulham,London,SW6 6NX,822.2533240027991
Rivermead Court,1950000,Flat / Apartment,1730,3,3,3,Ranelagh Gardens,London,SW6 3RT,1127.1676300578035
Pursers Cross Road,1400000,House,1102,3,3,3, Fulham,London,SW6 4QX,1270.4174228675136
Park View Road,2750000,House,3558,7,7,7,Unknown,London,W5 2JB,772.9061270376616
Gunnersbury Avenue,500000,Flat / Apartment,770,2,2,2,Ealing,London,W5 3NJ,649.3506493506494
Haven Place,1150000,House,2382,5,5,5, Esher,Surrey,KT10 9AQ,482.78757346767424
Imber Park Road,900000,House,1606,4,4,4,Esher,Surrey,KT10 8JB,560.3985056039851
Tolworth Road,500000,House,669,2,2,2,Surbiton,Surrey,KT6 7TA,747.3841554559043
Queens Drive,1150000,House,1961,4,4,4,Surbiton,Surrey,KT5 8PP,586.4354920958694
Flaxman House,870000,Flat / Apartment,635,1,1,1,1-3 Coleherne Road,London,SW10 9BS,1370.0787401574803
Bolton Gardens,1160000,Flat / Apartment,689,2,2,2,Unknown,London,SW5 0AQ,1683.599419448476
Columbia Gardens,1350000,New development,1023,3,3,3,Unknown,London,SW6 1FU,1319.6480938416423
Wapping Lane,1075000,Flat / Apartment,1575,2,2,2,Unknown,London,E1W 2RR,682.5396825396825
Clapham Common South Side,695000,Flat / Apartment,848,2,2,2,Unknown,London,SW4 9DX,819.5754716981132
Holmside Road,1225000,House,1350,3,3,3,Unknown,London,SW12 8RJ,907.4074074074074
Sarsfeld Road,2300000,House,2668,5,5,5,Unknown,London,SW12 8HL,862.0689655172414
Broadway Lofts,550000,Flat / Apartment,848,2,2,2,10 Gatton Road,London,SW17 0EE,648.5849056603773
City Tower,450000,Flat / Apartment,640,2,2,2, Canary Wharf,London,E14 9LU,703.125
Hugero Point,399995,Flat / Apartment,569,1,1,1,2 Rennie Street,London,SE10 0GS,702.9789103690686
Trinity Tower,650000,Flat / Apartment,1399,2,2,2, Canary Wharf;,London,E14 9JW,464.61758398856324
Myddelton Square,950000,Flat / Apartment,963,2,2,2,Clerkenwell,London,EC1R 1YA,986.5005192107996
Saffron Hill,885000,Flat / Apartment,747,2,2,2,Clerkenwell,London,EC1N 8QS,1184.7389558232933
St. Albans Avenue,1595000,House,1688,5,5,5,Chiswick,London,W4 5JR,944.9052132701422
Eden Studios,675000,House,705,2,2,2,20-24 Beaumont Road,London,W4 5AP,957.4468085106383
Mallord Street,11200000,House,4576,5,5,5,Unknown,London,SW3 6DU,2447.5524475524476
Westfields Avenue,2500000,House,3491,6,6,6,Barnes,London,SW13 0AT,716.1271841879118
Television Centre,775000,New development,672,1,1,1,101 Wood Lane,London,W12 7FS,1153.2738095238096
Bentley House,995000,Flat / Apartment,1081,3,3,3,22 Bute Gardens,London,W6 7DR,920.4440333024977
Drapers Court,570000,Flat / Apartment,640,1,1,1,59 Lurline Gardens,London,SW11 4DF,890.625
Albany Mansions,950000,Flat / Apartment,935,2,2,2, Battersea,London,SW11 4PG,1016.0427807486631
Phillip House,550000,Flat / Apartment,569,2,2,2, Shoreditch,London,E1 5LW,966.6080843585237
Thames Reach,1200000,Flat / Apartment,1101,2,2,2, Fulham,London,W6 9HS,1089.9182561307903
Hill Court,1900000,Flat / Apartment,1961,3,3,3, Wimbledon,London,SW19 7PD,968.8934217236105
Trinity Road,600000,Flat / Apartment,721,2,2,2,Wandsworth,London,SW18 3SN,832.1775312066575
Clifton Hill,5750000,House,3753,6,6,6,St John's Wood,London,NW8 0JT,1532.107647215561
Julius Seal House,450000,Flat / Apartment,549,1,1,1,1A Belsham Street,London,E9 6FA,819.672131147541
Balcombe Street,2950000,House,2142,4,4,4,Unknown,London,NW1 6HE,1377.2175536881418
Hampstead Gate,1795000,House,2064,4,4,4,1A Frognal,London,NW3 6AL,869.6705426356589
Hampton Court Road,2750000,House,5810,5,5,5,East Molesey,Surrey,KT8 9BW,473.32185886402755
Outwood Lane,875000,House,1756,4,4,4,Chipstead,Surrey,CR5 3NB,498.2915717539863
Elsynge Road,850000,Flat / Apartment,1030,3,3,3,Unknown,London,SW18 2HR,825.242718446602
St. James's Drive,850000,Flat / Apartment,930,2,2,2,Unknown,London,SW17 7RR,913.9784946236559
Ridgmount Gardens,2195000,Flat / Apartment,1384,4,4,4,Unknown,London,WC1E 7AR,1585.9826589595375
Adriatic Apartments,899995,Penthouse,1310,2,2,2,20 Western Gateway,London,E16 1BU,687.0190839694657
Fulham Road,700000,Flat / Apartment,560,2,2,2,Unknown,London,SW10 9EW,1250.0
Byfeld Gardens,2125000,House,2128,4,4,4,Barnes,London,SW13 9HP,998.5902255639098
Broomwood Road,975000,Flat / Apartment,1033,3,3,3,Unknown,London,SW11 6JT,943.8528557599226
Guilford Street,2000000,Flat / Apartment,1467,3,3,3,Bloomsbury,London,WC1N 1DF,1363.3265167007498
Warehouse W,450000,Flat / Apartment,677,1,1,1,3 Western Gateway,London,E16 1BD,664.6971935007385
Biggs Square,375000,Flat / Apartment,502,1,1,1,Felstead Street,London,E9 5DT,747.0119521912351
The Nautilus Building,650000,Flat / Apartment,562,1,1,1,3 Myddelton Passage,London,EC1R 1XW,1156.5836298932384
Chiswick Mall,2200000,House,2177,4,4,4,Unknown,London,W4 2QH,1010.5649977032614
Grove Farm Park,1200000,House,2194,6,6,6,Northwood,Middlesex,HA6 2BQ,546.9462169553327
Ringford Road,1395000,House,1835,4,4,4,Putney,London,SW18 1RS,760.2179836512262
Capital East Apartments,375000,Flat / Apartment,590,1,1,1, Newham,London,E16 1AS,635.5932203389831
Sutherland Avenue,1200000,Flat / Apartment,956,1,1,1,Unknown,London,W9 1ES,1255.2301255230125
Melrose Gardens,2495000,House,2580,5,5,5,Unknown,London,W6 7RN,967.0542635658915
Kingsfield Road,950000,House,2194,4,4,4,Unknown,Watford,WD19 4TR,432.99908842297174
Pissarro House,650000,Flat / Apartment,662,1,1,1,Augustas Lane,London,N1 1QT,981.8731117824774
Carlyle Court,1250000,Flat / Apartment,1159,2,2,2,Chelsea Harbour,London,SW10 0UQ,1078.515962036238
Tudor Road,775000,Flat / Apartment,847,2,2,2,South Hackney,London,E9 7SN,914.9940968122786
Old York Road,695000,Flat / Apartment,774,3,3,3,Unknown,London,SW18 1TF,897.9328165374677
Garratt Lane,375000,Flat / Apartment,526,1,1,1,Unknown,London,SW18 4SW,712.9277566539924
Sinclair Road,830000,Flat / Apartment,930,2,2,2,Unknown,London,W14 0NP,892.4731182795699
Pelhams Walk,2350000,New development,4777,5,5,5,Esher,Surrey,KT10 8QD,491.94054846137743
Roy Road,1000000,House,2544,4,4,4,Northwood,Middlesex,HA6 1EH,393.0817610062893
Albany Court,635000,Flat / Apartment,526,1,1,1, St. James's Park,London,SW1H 0AA,1207.2243346007604
New Road,1575000,House,2369,4,4,4,Esher,Surrey,KT10 9NU,664.8374841705361
Randolph Avenue,1275000,Flat / Apartment,976,3,3,3,Unknown,London,W9 1BG,1306.3524590163934
Discovery Dock Apartments East,699995,Flat / Apartment,919,2,2,2, Canary Wharf,London,E14 9RU,761.6920565832427
Hampstead High Street,1100000,Flat / Apartment,1313,4,4,4,Hampstead,London,NW3 1QH,837.7760853008377
Bezier Apartments,4500000,Penthouse,2922,3,3,3,91 City Road,London,EC1Y 1AH,1540.041067761807
Hyde Park Square,2750000,Flat / Apartment,1295,3,3,3,Connaught Village,London,W2 2JY,2123.5521235521237
Meath Street,950000,Flat / Apartment,947,3,3,3,Unknown,London,SW11 4JA,1003.167898627244
Kilburn Park Road,715000,Flat / Apartment,789,2,2,2,Queen's Park,London,NW6 5LD,906.2103929024081
Leinster Gardens,3100000,Flat / Apartment,2047,3,3,3,Unknown,London,W2 3AN,1514.4113336590133
Holbein Place,5450000,House,2842,3,3,3,Unknown,London,SW1W 8NP,1917.6636171710063
City Road,1977000,New development,1075,2,2,2,Shoreditch,London,EC1V 1AA,1839.0697674418604
City Road,2379000,New development,1372,3,3,3,Shoreditch,London,EC1V 1AA,1733.9650145772596
City Road,2899000,New development,1594,3,3,3,Shoreditch,London,EC1V 1AA,1818.6951066499373
Glenloch Road,4750000,House,3546,5,5,5,Belsize Park,London,NW3 4DJ,1339.5375070501975
James House,450000,Flat / Apartment,800,3,3,3,Solebay Street,London,E1 4PP,562.5
Bective Road,1245000,House,1450,4,4,4,Putney,London,SW15 2QA,858.6206896551724
Tonsley Road,1195000,House,1262,3,3,3,Wandsworth,London,SW18 1BG,946.9096671949287
Walpole Mews,1325000,House,946,2,2,2,Unknown,London,NW8 6EZ,1400.6342494714588
Gainsborough Studios North,775000,Flat / Apartment,853,2,2,2,1 Poole Street,London,N1 5EB,908.5580304806565
West Hill,465000,Flat / Apartment,667,1,1,1,Putney,London,SW18 1RB,697.1514242878561
Brandreth Road,1495000,House,2535,5,5,5,Unknown,London,SW17 8ER,589.7435897435897
Dance Square,650000,Flat / Apartment,495,1,1,1,Unknown,London,EC1V 3AN,1313.1313131313132
Upper Richmond Road West,775000,House,926,3,3,3,Unknown,London,SW14 8DS,836.9330453563715
Pearson Square,2400000,Flat / Apartment,1053,2,2,2,Fitzrovia,London,W1T 3BH,2279.202279202279
Ruvigny Gardens,1695000,House,1903,4,4,4,Putney,London,SW15 1JR,890.6988964792433
Franciscan Road,1275000,House,1980,4,4,4,Unknown,London,SW17 8DJ,643.939393939394
North Grove,2500000,House,2475,4,4,4,Highgate,London,N6 4SH,1010.10101010101
The Bowls,675000,Flat / Apartment,1533,3,3,3,Chigwell,Essex,IG7 6ND,440.31311154598825
Rowan Lodge,2500000,Flat / Apartment,1184,3,3,3, Marloes Road,Kensington,W8 5UJ,2111.4864864864867
Riverlight Quay,850000,New development,819,2,2,2,Nine Elms,London,SW8 5BE,1037.8510378510377
Findon Road,1795000,House,2101,4,4,4,Unknown,London,W12 9PY,854.3550690147549
Cummings House,599999,New development,735,1,1,1, Wandsworth,London,SW18 1UA,816.3251700680272
Bellwether Lane,575000,Flat / Apartment,613,1,1,1,Wandsworth,London,SW18 1UE,938.0097879282218
Perryn Road,2999000,House,3900,6,6,6,Unknown,London,W3 7LR,768.974358974359
Ainger Road,865000,Flat / Apartment,781,2,2,2,Primrose Hill,London,NW3 3AR,1107.5544174135723
Kewferry Drive,2950000,House,4904,5,5,5,Northwood,Middx,HA6 2NU,601.5497553017944
St. Georges Wharf,1500000,Flat / Apartment,1364,3,3,3,6 Shad Thames,London,SE1 2YS,1099.7067448680352
Kerrison Villas,850000,House,972,2,2,2,Unknown,London,W5 5NN,874.4855967078189
Gun Place,420000,Flat / Apartment,554,1,1,1,86 Wapping High Street,London,E1W 2RX,758.1227436823104
Flask Walk,825000,Flat / Apartment,573,1,1,1,Hampstead,London,NW3 1HE,1439.7905759162304
Waldegrave Road,1599999,House,1704,4,4,4,Unknown,Twickenham,TW1 4SU,938.9665492957746
Park Lane,2150000,Flat / Apartment,802,2,2,2,Mayfair,London,W1K 1PU,2680.7980049875314
Chalcot Square,999995,Flat / Apartment,763,2,2,2,Primrose Hill,London,NW1 8YA,1310.6094364351245
Stanhope Gardens,1200000,Flat / Apartment,773,2,2,2,Unknown,London,SW7 5QX,1552.393272962484
Highwood House,525000,Flat / Apartment,844,2,2,2, Esher,Surrey,KT10 8BP,622.0379146919431
Cranfield Court,695000,Flat / Apartment,463,1,1,1,Homer Street,London,W1H 4NF,1501.0799136069115
Ecclesbourne Road,750000,Flat / Apartment,785,2,2,2,Unknown,London,N1 3GG,955.4140127388536
Myrtleside Close,550000,Flat / Apartment,1103,2,2,2,Northwood,Middlesex,HA6 2XQ,498.6400725294651
Chepstow Place,1500000,Flat / Apartment,1133,3,3,3,Unknown,London,W2 4TE,1323.918799646955
Carlton Mansions,850000,Flat / Apartment,822,2,2,2,205 Randolph Avenue,London,W9 1NR,1034.0632603406325
Exchange Building,1250000,Flat / Apartment,1407,2,2,2, Shoreditch,London,E1 6NQ,888.4150675195451
St. James's Street,1375000,Flat / Apartment,641,1,1,1,St. James's,London,SW1A 1PH,2145.0858034321373
Oakley Street,845000,Flat / Apartment,517,1,1,1,Unknown,London,SW3 5HA,1634.4294003868472
Landmark East Tower,560000,Flat / Apartment,541,1,1,1, Canary Wharf,London,E14 9EG,1035.120147874307
Bevans House,410000,Flat / Apartment,549,1,1,1,31 Eltringham Street,London,SW18 1GR,746.8123861566485
White Post Lane,495000,Flat / Apartment,562,1,1,1,Unknown,London,E9 5SZ,880.7829181494662
Englewood Road,795000,Flat / Apartment,882,2,2,2,Unknown,London,SW12 9NZ,901.3605442176871
Waldegrave Park,3700000,House,4438,6,6,6,Twickenham,Middlesex,TW1 4TJ,833.7088778729158
Arlington Road,699999,Flat / Apartment,759,1,1,1,Camden,London,NW1 7ET,922.2648221343874
Queens Road,1400000,Flat / Apartment,1388,3,3,3,Richmond,Surrey,TW10 6JW,1008.6455331412104
Kirkstall Road,2000000,House,2736,5,5,5,Unknown,London,SW2 4HD,730.9941520467836
Manor Road,1750000,House,3162,5,5,5,Unknown,Lambourne End,RM4 1NB,553.4471853257432
Portland Place,4900000,Penthouse,2122,2,2,2,Marylebone,London,W1B 1PW,2309.1423185673893
Chronicle Tower,950000,New development,898,2,2,2,261B City Road,London,EC1V 1AJ,1057.9064587973273
Esher Green,2250000,House,3874,5,5,5,Esher,Surrey,KT10 8AD,580.7950438822922
Berry Street,1350000,Flat / Apartment,1234,2,2,2,Unknown,London,EC1V 0AA,1094.0032414910859
Holmes Road,900000,Flat / Apartment,962,2,2,2,Kentish Town,London,NW5 3AN,935.5509355509356
Spencer Road,2850000,House,4094,5,5,5,East Molesey,Surrey,KT8 0SP,696.1406936980948
Mornington Crescent,499999,Flat / Apartment,477,1,1,1,Unknown,London,NW1 7RE,1048.215932914046
Wolsey Road,2500000,House,3740,6,6,6,East Molesey,Surrey,KT8 9EW,668.4491978609626
Fitzjames Avenue,1500000,Flat / Apartment,1539,4,4,4,Unknown,London,W14 0RR,974.6588693957115
Boat Race House,1050000,New development,1184,2,2,2,63 Mortlake High Street,London,SW14 8AJ,886.8243243243244
Ollards Grove,1450000,House,2322,5,5,5,Loughton,Essex,IG10 4DW,624.4616709732989
Kingsland Road,490000,Flat / Apartment,594,1,1,1,Hackney,London,E8 4DS,824.9158249158249
Bull Inn Court,1095000,Flat / Apartment,741,1,1,1,Covent Garden,London,WC2R 0NP,1477.7327935222672
The Hermitage,625000,Flat / Apartment,648,2,2,2,Barnes,London,SW13 9RF,964.5061728395061
Thames Crescent,2600000,House,3252,6,6,6,Unknown,London,W4 2RU,799.5079950799508
Kensington House,3350000,Flat / Apartment,2024,4,4,4,35 Kensington Court,London,W8 5BD,1655.1383399209485
Elms Road,3995000,House,4767,7,7,7,Unknown,London,SW4 9ER,838.0532829872037
Larkhall Rise,2500000,House,2082,3,3,3,Unknown,London,SW4 6HR,1200.7684918347743
City North East Tower,720000,New development,883,2,2,2,3 City North Place,London,N4 3FQ,815.4020385050962
City North East Tower,715000,New development,883,2,2,2,3 City North Place,London,N4 3FQ,809.7395243488108
City North East Tower,710000,New development,883,2,2,2,3 City North Place,London,N4 3FQ,804.0770101925254
Eglantine Road,450000,Flat / Apartment,678,2,2,2,Wandsworth,London,SW18 2DD,663.7168141592921
Russell Villas,2350000,House,2115,4,4,4,Willoughby Road,Twickenham,TW1 2QG,1111.111111111111
Sandy Lane,2195000,House,3337,5,5,5,Teddington,Middlesex,TW11 0DR,657.7764459094996
Stanley Road,915000,Bungalow,1771,5,5,5,Northwood,Middlesex,HA6 1RQ,516.6572557876906
The Wallpaper Apartments,950000,Flat / Apartment,955,2,2,2,142 Offord Road,London,N1 1NS,994.7643979057592
Princes Park Apartments South,1200000,Penthouse,1152,3,3,3,52 Prince of Wales Road,London,NW5 3LN,1041.6666666666667
Pelhams Walk,1895000,House,3225,5,5,5,Esher,Surrey,KT10 8QD,587.5968992248062
Claremont Avenue,1295000,House,2331,4,4,4,Esher,Surrey,KT10 9JD,555.5555555555555
Great James Street,4950000,House,3908,4,4,4,Bloomsbury,London,WC1N 3HB,1266.632548618219
Prebend Gardens,2100000,House,2290,5,5,5,Chiswick,London,W4 1TN,917.0305676855895
Clapham Manor Street,1275000,House,1384,3,3,3,Unknown,London,SW4 6DR,921.2427745664739
Denbigh Gardens,5250000,House,4386,5,5,5,Richmond,Surrey,TW10 6EN,1196.9904240766075
Pied Bull Yard,1250000,House,1013,3,3,3,Islington,London,N1 0EU,1233.9585389930899
Kingsland Road,925000,Penthouse,913,2,2,2,Hackney,London,E8 4DQ,1013.1434830230011
Eaton Square,3100000,Flat / Apartment,1682,2,2,2,Belgravia,London,SW1W 9DA,1843.0439952437575
Outwood Lane,3950000,House,10807,7,7,7, Tadworth,Surrey,KT20 6JS,365.50384010363655
Sutton Court Road,1775000,House,3143,6,6,6,Chiswick,London,W4 3EQ,564.7470569519568
Melody Road,1750000,House,2230,5,5,5,Wandsworth,London,SW18 2QW,784.7533632286995
Stokesheath Road,4500000,House,7935,6,6,6,Oxshott,Surrey,KT22 0PN,567.1077504725898
Tasman Road,1295000,House,1654,4,4,4,Unknown,London,SW9 9LT,782.950423216445
Lessar Avenue,1775000,House,2446,4,4,4,Unknown,London,SW4 9HJ,725.6745707277187
Academy Gardens,5700000,New development,2482,3,3,3,Duchess of Bedfords Walk,London,W8 7QQ,2296.5350523771153
Markham Street,2950000,House,1415,3,3,3,Chelsea,London,SW3 3NP,2084.8056537102475
Ditton Grove,925000,House,1642,3,3,3,Esher,Surrey,KT10 9FN,563.3373934226553
Hale House,650000,Flat / Apartment,570,1,1,1,27 Lindsay Square,London,SW1V 2HS,1140.3508771929824
Lavenham Road,1250000,House,1674,4,4,4,Unknown,London,SW18 5HA,746.7144563918757
Bassingham Road,1300000,House,1805,4,4,4,Unknown,London,SW18 3AG,720.2216066481994
Cadogan Terrace,299950,Flat / Apartment,274,1,1,1,Hackney Wick,London,E9 5HP,1094.7080291970804
Chester Terrace,6500000,House,4185,6,6,6,Regent's Park,London,NW1 4ND,1553.1660692951016
Temple Street,365000,Flat / Apartment,424,1,1,1,Unknown,London,E2 6GE,860.8490566037735
Cambridge Heath Road,475000,Flat / Apartment,720,2,2,2,Bethnal Green,London,E2 0EL,659.7222222222222
Princes Square,1999950,Flat / Apartment,1151,3,3,3,Unknown,London,W2 4NP,1737.5760208514334
Shirland Road,750000,Flat / Apartment,738,2,2,2,Maida Vale,London,W9 3JH,1016.260162601626
Elgin Avenue,2595000,Flat / Apartment,2006,3,3,3,Maida Vale,London,W9 1NH,1293.6191425722832
Strand,3750000,New development,1545,3,3,3,Temple,London,WC2R 1AB,2427.1844660194174
Bridge House,530000,New development,848,2,2,2, Loughton,Essex,IG10 3ED,625.0
John Spencer Square,1350000,House,954,3,3,3,Unknown,London,N1 2LZ,1415.0943396226414
Lee Street,575000,Flat / Apartment,688,2,2,2,Haggerston,London,E8 4FB,835.7558139534884
Vista House,900000,New development,986,2,2,2, Longfield Avenue,London,W5 2BT,912.7789046653144
Elvaston Place,1495000,Flat / Apartment,829,2,2,2,Unknown,London,SW7 5QG,1803.3775633293124
Dundee Court,495000,Flat / Apartment,626,1,1,1,73 Wapping High Street,London,E1W 2YG,790.7348242811502
Boston Building,300000,Flat / Apartment,446,1,1,1, Lewisham,London,SE13 7RW,672.6457399103139
Carver Close,795000,House,1019,3,3,3, Chiswick,London,W4 5BP,780.1766437684004
Fielding Mews,1250000,House,1606,3,3,3,Barnes,London,SW13 9EY,778.3312577833126
York Mansions,1875000,Flat / Apartment,1383,3,3,3,Prince of Wales Drive,London,SW11 4DN,1355.7483731019522
Knightley Walk,700000,Flat / Apartment,898,2,2,2,Wandsworth,London,SW18 1HB,779.5100222717149
Ossington Street,4600000,House,2650,5,5,5,Unknown,London,W2 4LY,1735.8490566037735
City Road,1630000,New development,1049,2,2,2,Unknown,London,EC1V 2QQ,1553.860819828408
Wilna Road,925000,House,1357,3,3,3,Wandsworth,London,SW18 3BA,681.650700073692
Evelyn Mansions,1150000,Flat / Apartment,1816,2,2,2,Carlisle Place,London,SW1P 1NH,633.2599118942732
Burghley Road,3995000,House,5509,5,5,5,Wimbledon,London,SW19 5HL,725.1769831185333
Leopold Court,1300000,Flat / Apartment,1946,3,3,3, Esher,Surrey,KT10 9BW,668.0369989722508
Rowfant Road,1425000,House,2342,5,5,5,Unknown,London,SW17 7AP,608.4543125533731
Marlborough Crescent,3300000,House,2885,6,6,6, Chiswick,London,W4 1HE,1143.847487001733
Buckingham Gate,890000,Flat / Apartment,848,2,2,2,Unknown,London,SW1E 6PB,1049.5283018867924
Grangewood,425000,Flat / Apartment,523,1,1,1, Putney,London,SW15 2RN,812.6195028680688
Hilliard House,350000,Flat / Apartment,512,1,1,1,Prusom Street,London,E1W 3NN,683.59375
One Kensington Gardens,5500000,New development,1866,2,2,2, Kensington,London,W8 5AE,2947.481243301179
Nexus Court,399000,Flat / Apartment,469,1,1,1,Malvern Road,London,NW6 5AT,850.7462686567164
Lamont Road,1345000,Flat / Apartment,1001,2,2,2,Unknown,London,SW10 0HU,1343.6563436563436
Merino Court,1200000,Penthouse,1154,2,2,2,154 Lever Street,London,EC1V 8BG,1039.8613518197574
Monkhams Avenue,1595000,House,2363,5,5,5,Woodford Green,Essex,IG8 0EX,674.989420228523
Thorkhill Road,1000000,House,1714,5,5,5,Thames Ditton,Surrey,KT7 0UG,583.4305717619603
Willow Avenue,2850000,New development,2767,3,3,3,Barnes,London,SW13 0LT,1029.996385977593
Crealock Street,825000,Flat / Apartment,1055,3,3,3,Wandsworth,London,SW18 2BS,781.9905213270142
Murray Road,1600000,House,2825,5,5,5,Northwood,Middlesex,HA6 2YP,566.3716814159292
Randolph Avenue,715000,Flat / Apartment,600,2,2,2,Unknown,London,W9 1DL,1191.6666666666667
Oakley Street,850000,Flat / Apartment,565,2,2,2,Unknown,London,SW3 5NT,1504.424778761062
Chiswick High Road,625000,Penthouse,902,2,2,2,Unknown,London,W4 5RR,692.9046563192904
Wimpole Street,1895000,Flat / Apartment,1079,3,3,3,Unknown,Marylebone,W1G 8AE,1756.2557924003706
The Riverside Apartment,8950000,Flat / Apartment,3701,3,3,3, 50 Shad Thames,London,SE1 2LY,2418.2653336935964
Alwyne Road,4750000,House,4002,5,5,5,Canonbury,London,N1 2HN,1186.9065467266366
Roseneath Road,2195000,House,2492,4,4,4,Unknown,London,SW11 6AG,880.8186195826645
Montagu Street,1150000,Flat / Apartment,1056,2,2,2,Unknown,London,W1H 7EX,1089.0151515151515
Lindfield Gardens,1250000,Flat / Apartment,1332,3,3,3,Hampstead,London,NW3 6PX,938.4384384384384
Portland Place,1050000,Flat / Apartment,631,2,2,2,Marylebone,London,W1B 1NX,1664.0253565768621
Fitzjames Avenue,1650000,Flat / Apartment,1641,3,3,3,Unknown,London,W14 0RP,1005.4844606946983
Emmanuel Road,1600000,House,1962,4,4,4,Unknown,London,SW12 0HR,815.4943934760448
Common Road,5000000,House,5156,6,6,6,Stanmore,Middlesex,HA7 3JF,969.7439875872769
Aissele Place,899950,House,1743,3,3,3, Esher,Surrey,KT10 9RL,516.3224325874928
Claremont End,2650000,House,4141,5,5,5,Esher,Surrey,KT10 9LZ,639.9420429847863
Belgrave Road,850000,Flat / Apartment,1100,2,2,2,Pimlico,London,SW1V 2BH,772.7272727272727
Galesbury Road,1350000,House,1867,4,4,4,Wandsworth,London,SW18 2RL,723.0851633636851
Alma Road,1825000,House,2140,4,4,4, Wandsworth,London,SW18 1AB,852.803738317757
St. Ann's Hill,2350000,House,3801,7,7,7,Wandsworth,London,SW18 2RS,618.2583530649829
Burnell House,800000,Penthouse,1039,3,3,3,55 Peloton Avenue,London,E20 1GY,769.9711260827719
Elm Tree Court,1100000,Flat / Apartment,1152,3,3,3,Elm Tree Road,London,NW8 9JT,954.8611111111111
St. Thomas's Mews,799950,House,1160,3,3,3, Putney,London,SW18 1AX,689.6120689655172
Hallowell Road,500000,House,792,2,2,2,Northwood,Middlesex,HA6 1DU,631.3131313131313
Bolingbroke Grove,575000,Flat / Apartment,625,2,2,2,Unknown,London,SW11 1DB,920.0
Aliwal Road,1375000,New development,1712,4,4,4,Unknown,London,SW11 1RD,803.1542056074767
Southgate Road,1675000,House,1845,5,5,5,Islington,London,N1 3HX,907.8590785907859
Welsby Court,700000,Flat / Apartment,964,2,2,2,Eaton Rise,London,W5 2EX,726.1410788381743
Gloucester Road,1400000,House,2151,5,5,5,Ealing,London,W5 4JB,650.8600650860066
Bramham Gardens,3295000,Flat / Apartment,1846,3,3,3,Unknown,London,SW5 0JE,1784.9404117009751
Christian Court,489000,Flat / Apartment,660,2,2,2,Rotherhithe Street,London,SE16 5UA,740.9090909090909
Hollywood Court,1395000,Penthouse,831,2,2,2,Hollywood Road,London,SW10 9HR,1678.7003610108304
Hogarth Road,1200000,Flat / Apartment,834,1,1,1,Unknown,London,SW5 0QH,1438.8489208633093
Chiswick High Road,695000,Flat / Apartment,784,2,2,2,Chiswick,London,W4 1TE,886.4795918367347
The Oxygen,500000,Flat / Apartment,822,2,2,2,18 Western Gateway,London,E16 1BL,608.272506082725
Lombard Wharf,950000,Flat / Apartment,880,2,2,2, Battersea,London,SW11 3GN,1079.5454545454545
Ashley Gardens,1525000,Flat / Apartment,1215,2,2,2,Thirleby Road,London,SW1P 1HN,1255.1440329218108
Hanover Gate Mansions,649950,Flat / Apartment,510,1,1,1,Park Road,London,NW1 4SN,1274.4117647058824
Rutland Gate,3495000,Penthouse,1409,3,3,3,Knightsbridge,London,SW7 1PL,2480.4826117814055
Bramfield Road,850000,Flat / Apartment,1010,2,2,2,Unknown,London,SW11 6PY,841.5841584158416
Warrington Crescent,4250000,Flat / Apartment,2750,4,4,4,Little Venice,London,W9 1EL,1545.4545454545455
Copsem Drive,2125000,House,3763,5,5,5,Esher,Surrey,KT10 9HD,564.7090087695988
Hogarth Road,775000,Flat / Apartment,624,2,2,2,Unknown,London,SW5 0PT,1241.9871794871794
The Lab Building,450000,Flat / Apartment,386,1,1,1, Clerkenwell,London,EC1R 4TW,1165.80310880829
St. George's Drive,650000,Flat / Apartment,458,2,2,2,Pimlico,London,SW1V 4DJ,1419.2139737991267
Rose Square,3850000,New development,1776,3,3,3,Fulham Road,London,SW3 6RS,2167.7927927927926
Albert Gate Court,5500000,Flat / Apartment,2651,4,4,4,124 Knightsbridge,London,SW1X 7PE,2074.688796680498
Chelsea Towers,1300000,Flat / Apartment,832,2,2,2,Chelsea Manor Gardens,London,SW3 5PN,1562.5
Ainsdale Road,900000,House,1253,3,3,3,Unknown,London,W5 1JX,718.2761372705506
Ledbury Road,1500000,Flat / Apartment,1107,3,3,3,Unknown,London,W11 1HR,1355.0135501355014
Mysore Road,1075000,Duplex,1295,3,3,3,Unknown,London,SW11 5RY,830.1158301158301
Warrington Crescent,1150000,Flat / Apartment,928,2,2,2,Little Venice,London,W9 1EL,1239.2241379310344
Madrid Road,2950000,House,3953,4,4,4,Barnes,London,SW13 9PD,746.2686567164179
"Park Terrace, Warriner Gardens",2795000,House,2768,4,4,4,Battersea,London,SW11 4XW,1009.7543352601156
Addison Park Mansions,1150000,Flat / Apartment,1100,3,3,3,Richmond Way,London,W14 0EB,1045.4545454545455
Weston Green Road,1200000,House,1813,4,4,4,Thames Ditton,Surrey,KT7 0HY,661.8863761720904
Hyde Park Gardens Mews,2850000,House,1543,3,3,3,Unknown,London,W2 2NX,1847.051198963059
Bonney Terrace,1900000,House,2090,4,4,4,Ravenscourt Park,London,W6 0SN,909.0909090909091
King Street,550000,Flat / Apartment,517,1,1,1,Hammersmith,London,W6 0RR,1063.8297872340424
Hendham Road,1550000,House,1777,4,4,4,Wandsworth,London,SW17 7DH,872.2566122678672
Sandy Lane,2195000,House,3467,5,5,5,Teddington,Middlesex,TW11 0DR,633.1122007499279
Timber Yard,1000000,Flat / Apartment,902,1,1,1, Shoreditch,London,N1 6ND,1108.6474501108648
Foyle Road,2500000,New development,3682,5,5,5,Blackheath,London,SE3 7RH,678.9788158609451
Cecil Road,895000,House,1305,3,3,3,Unknown,London,SW19 1JR,685.823754789272
Book House,650000,Flat / Apartment,797,2,2,2,45 East Hill,London,SW18 2QZ,815.5583437892095
Cadogan Square,4150000,Flat / Apartment,1504,2,2,2,Unknown,London,SW1X 0JW,2759.308510638298
Palace Court,1950000,Flat / Apartment,1883,3,3,3,Hampstead,London,NW3 6DN,1035.5815188528943
Stevens Lane,1195000,House,2389,4,4,4, Esher,Surrey,KT10 0TT,500.2092925910423
Coleherne Court,2750000,Flat / Apartment,1821,4,4,4,Old Brompton Road,London,SW5 0ED,1510.1592531576057
Godolphin Road,550000,Flat / Apartment,529,2,2,2,Unknown,London,W12 8JF,1039.6975425330813
Ethelden Road,1500000,House,1860,4,4,4,Unknown,London,W12 7BG,806.4516129032259
Kersley Street,1950000,House,2090,4,4,4,Unknown,London,SW11 4PT,933.0143540669857
Clanricarde Gardens,2150000,Flat / Apartment,1830,4,4,4,Unknown,London,W2 4JH,1174.863387978142
Clancarty Road,2800000,House,2682,5,5,5,Fulham,London,SW6 3BB,1043.9970171513796
Morella Road,750000,Flat / Apartment,816,2,2,2,Unknown,London,SW12 8UH,919.1176470588235
Chandlers Avenue,395000,Flat / Apartment,553,1,1,1,Greenwich,London,SE10 0NN,714.2857142857143
Elgin Avenue,685000,Flat / Apartment,661,2,2,2,Maida Vale,London,W9 1NH,1036.3086232980334
Ashlar Court,795000,Flat / Apartment,986,2,2,2,21 Ravenscourt Gardens,London,W6 0TU,806.2880324543611
Twyford Abbey Road,699950,House,1029,3,3,3,Unknown,London,NW10 7HG,680.2235179786201
Lanark Mansions,600000,Flat / Apartment,570,2,2,2,14 Lanark Road,London,W9 1DB,1052.6315789473683
Saltram Crescent,625000,Flat / Apartment,616,2,2,2,Unknown,London,W9 3HR,1014.6103896103896
Hermitage Court,775000,Flat / Apartment,832,3,3,3,Knighten Street,London,E1W 1PW,931.4903846153846
Television Centre,1175000,Flat / Apartment,880,2,2,2,3 Wood Crescent,London,W12 7GN,1335.2272727272727
Afghan Road,1200000,House,1449,4,4,4,Unknown,London,SW11 2QD,828.1573498964804
Regents Park Road,3000000,Flat / Apartment,1901,4,4,4,Primrose Hill,London,NW1 7TX,1578.1167806417675
Ormond Road,1895000,House,1772,4,4,4,Richmond,Surrey,TW10 6TH,1069.41309255079
Elgin Avenue,975000,Flat / Apartment,787,2,2,2,Maida Vale,London,W9 2NS,1238.8818297331638
Cholmeley Park,2650000,Penthouse,2402,5,5,5,Highgate,London,N6 5AD,1103.2472939217319
Castelnau Court,575000,Flat / Apartment,793,3,3,3, Barnes,London,SW13 9DH,725.0945775535939
Dawson Place,3750000,Flat / Apartment,1657,3,3,3,Unknown,London,W2 4TJ,2263.126131563066
Balham Grove,730000,Flat / Apartment,893,2,2,2,Unknown,London,SW12 8AZ,817.4692049272116
Willoughby Mews,1095000,House,1268,3,3,3,Unknown,London,SW4 0QH,863.564668769716
Boscobel Place,4400000,House,2087,4,4,4,Belgravia,London,SW1W 9PE,2108.2894106372783
Culford Grove,1850000,House,1625,4,4,4,Unknown,London,N1 4HR,1138.4615384615386
Haverstock Hill,1100000,Flat / Apartment,908,2,2,2,Hampstead,London,NW3 2BD,1211.4537444933922
Charlotte Lodge,430000,Flat / Apartment,826,2,2,2, Esher,Surrey,KT10 0LR,520.5811138014528
Coleherne Court,1495000,Flat / Apartment,971,2,2,2,The Little Boltons,London,SW5 0DL,1539.6498455200824
Valley Road,375000,Flat / Apartment,504,1,1,1,Unknown,London,SW16 2AE,744.047619047619
Tooting High Street,425000,Flat / Apartment,473,1,1,1,Unknown,London,SW17 0GU,898.5200845665962
Boundaries Road,675000,Flat / Apartment,767,2,2,2,Unknown,London,SW12 8BY,880.0521512385919
Lonsdale Road,3250000,House,3203,5,5,5,Barnes,London,SW13 9ED,1014.6737433655948
Elmhurst Mansions,599950,Flat / Apartment,680,2,2,2,Edgeley Road,London,SW4 6HA,882.2794117647059
Lessar Avenue,1795000,House,2336,5,5,5,Unknown,London,SW4 9HQ,768.4075342465753
The Butts,1495000,House,2322,4,4,4,Brentford,Middlesex,TW8 8BJ,643.8415159345392
Blakesley Avenue,1000000,Flat / Apartment,1380,2,2,2,Unknown,London,W5 2DW,724.6376811594203
Colinette Road,940000,Flat / Apartment,1155,2,2,2,Putney,London,SW15 6QQ,813.8528138528138
Homefield Road,399950,Flat / Apartment,305,1,1,1,Wimbledon,London,SW19 4QF,1311.311475409836
Bow Quarter,365000,Flat / Apartment,415,1,1,1,60 Fairfield Road,London,E3 2UJ,879.5180722891566
Marlborough,750000,Flat / Apartment,892,2,2,2,Maida Vale,London,W9 1RW,840.8071748878924
Wandsworth Common West Side,1850000,House,2247,5,5,5,Wandsworth,London,SW18 2EE,823.3199821984869
Bournebridge Lane,1825000,House,3918,6,6,6,Stapleford Abbotts,Romford,RM4 1LT,465.79887697805003
King Henrys Road,1000000,Flat / Apartment,892,2,2,2,Primrose Hill,London,NW3 3QP,1121.0762331838564
Rutland Gate,1275000,Flat / Apartment,675,2,2,2,Unknown,London,SW7 1PD,1888.888888888889
Ascensis Tower,2250000,Flat / Apartment,1945,3,3,3, Battesea,London,SW18 1AY,1156.8123393316196
Goldings Rise,775000,House,1285,3,3,3,Loughton,Essex,IG10 2QP,603.1128404669261
Oakley Square,3750000,House,4847,6,6,6,Camden,London,NW1 1NJ,773.6744377965751
Liverpool Road,750000,Flat / Apartment,880,2,2,2,Lower Holloway,London,N7 8PG,852.2727272727273
Jasmine House,500000,Flat / Apartment,680,2,2,2, Battersea,London,SW18 1GJ,735.2941176470588
Admiral Court,1600000,Flat / Apartment,1282,2,2,2, Chelsea Harbour,London,SW10 0UU,1248.04992199688
Seward Street,700000,Flat / Apartment,836,2,2,2,Clerkenwell,London,EC1V 3PA,837.3205741626795
Shirland Road,780000,Flat / Apartment,767,2,2,2,Maida Vale,London,W9 2EQ,1016.9491525423729
Graham Terrace,2750000,House,1782,4,4,4,Belgravia,London,SW1W 8JE,1543.20987654321
Lexham Gardens,660000,Flat / Apartment,603,1,1,1,Unknown,London,W8 6JE,1094.5273631840796
Mandrake Road,1195000,House,1602,5,5,5,Unknown,London,SW17 7PT,745.9425717852685
Inglethorpe Street,1699000,House,1993,5,5,5,Fulham,London,SW6 6NX,852.4836929252383
Cedarside Apartments,800000,Flat / Apartment,937,2,2,2,3 Albert Road,Queens Park,NW6 5FT,853.7886872998932
Blandfield Road,1250000,House,1450,3,3,3,Unknown,London,SW12 8BG,862.0689655172414
Densham House,800000,Flat / Apartment,945,3,3,3, St. John's Wood,London,NW8 7NT,846.5608465608466
Gorst Road,2250000,House,2351,5,5,5,Unknown,London,SW11 6JE,957.0395576350489
Horizons Tower,1250000,Flat / Apartment,1203,2,2,2, Canary Wharf,London,E14 9RG,1039.0689941812136
Thirlmere Road,1875000,House,3478,7,7,7,Unknown,London,SW16 1QW,539.102932719954
Greenford Avenue,1250000,House,2804,5,5,5,Hanwell,London,W7 3QS,445.7917261055635
Stokenchurch Street,2750000,House,2605,6,6,6, Fulham,London,SW6 3TR,1055.662188099808
Winfrith Road,550000,Flat / Apartment,896,2,2,2,Unknown,London,SW18 3BD,613.8392857142857
Great Titchfield Street,745000,Flat / Apartment,703,2,2,2,Fitzrovia,London,W1W 6RR,1059.7439544807967
Dorland Court,525000,Flat / Apartment,654,2,2,2, Putney,London,SW15 2UG,802.7522935779816
Canaletto Tower,1150000,Flat / Apartment,882,2,2,2,257 City Road,London,EC1V 1AE,1303.8548752834467
Macfarlane Road,2500000,House,2861,5,5,5,Unknown,London,W12 7JY,873.8203425375742
Forest Close,799999,House,2156,4,4,4,Waltham Abbey,Essex,EN9 3QR,371.05705009276437
Elsworthy Rise,1050000,New development,612,1,1,1,Primrose Hill,London,NW3 3DS,1715.686274509804
Bickenhall Street,2900000,Penthouse,1455,2,2,2,Marylebone,London,W1U 6BN,1993.127147766323
Upper Wimpole Street,11950000,House,7226,5,5,5,Marylebone,London,W1G 6LU,1653.7503459728757
Sandown Avenue,3750000,House,5554,6,6,6,Esher,Surrey,KT10 9NT,675.1890529348218
Leopold Court,850000,Flat / Apartment,1344,2,2,2, Esher,Surrey,KT10 9BW,632.4404761904761
Streathbourne Road,1975000,House,2910,7,7,7,Unknown,London,SW17 8QY,678.6941580756014
Fairfax Road,2800000,House,2959,5,5,5, Chiswick,London,W4 1EW,946.2656302805002
Cranley Gardens,1400000,Flat / Apartment,732,2,2,2,South Kensington,London,SW7 3BD,1912.568306010929
White Hart Lane,725000,Flat / Apartment,1242,2,2,2,Barnes,London,SW13 0PZ,583.7359098228663
Chenies Mews,2000000,Flat / Apartment,1335,2,2,2,Unknown,London,WC1E 6HU,1498.1273408239701
Overstrand Mansions,850000,Flat / Apartment,838,2,2,2,Prince of Wales Drive,London,SW11 4HA,1014.3198090692124
Tottenham Road,255000,Flat / Apartment,440,1,1,1,De Beauvoir,London,N1 4EP,579.5454545454545
Englewood Road,795000,Flat / Apartment,919,2,2,2,Unknown,London,SW12 9NZ,865.0707290533188
Hollen Street,1500000,New development,843,1,1,1,Soho,London,W1F 8AZ,1779.3594306049822
One Kensington Gardens,5950000,Penthouse,1993,3,3,3,4 De Vere Gardens,London,W8 5AE,2985.449071751129
Courtnell Street,3250000,House,1813,3,3,3,Unknown,London,W2 5BX,1792.6089354660783
Chi Building,550000,Flat / Apartment,893,2,2,2,54 Crowder Street,London,E1 0EZ,615.9014557670773
Patshull Road,500000,Flat / Apartment,418,1,1,1,Kentish Town,London,NW5 2JY,1196.1722488038276
Ernle Road,2950000,House,3601,6,6,6,Wimbledon,London,SW20 0HJ,819.2168841988337
Vanderbilt Road,1135000,House,1675,4,4,4, Wandsworth,London,SW18 3BG,677.6119402985074
Potter Street,775000,House,1469,4,4,4,Northwood,Middlesex,HA6 1QH,527.569775357386
Freegrove Road,1799500,House,2761,6,6,6,Holloway,London,N7 9RG,651.7566099239406
Dalston Lane,650000,Flat / Apartment,1018,2,2,2,Hackney,London,E8 1LX,638.5068762278978
Wild Hatch,2350000,House,2835,4,4,4,Hampstead Garden Suburb,London,NW11 7LD,828.9241622574956
Earl's Court Square,795000,Flat / Apartment,666,2,2,2,Unknown,London,SW5 9DG,1193.6936936936936
Keepier Wharf,1900000,Flat / Apartment,1963,4,4,4, Limehouse,London,E14 8DH,967.9062659195109
Cambridge Road,1950000,House,1907,5,5,5,Barnes,London,SW13 0PG,1022.5485055060304
Soval Court,950000,Flat / Apartment,1580,3,3,3, Northwood,Middlesex,HA6 2FS,601.2658227848101
Palace Gate,1850000,Flat / Apartment,1332,2,2,2,Unknown,London,W8 5LY,1388.888888888889
Academy Gardens,4950000,New development,2011,2,2,2,Duchess of Bedfords Walk,London,W8 7QQ,2461.4619592242666
Church Street,2685000,House,3873,6,6,6,Hampton,Middlesex,TW12 2EG,693.2610379550736
Nutley Terrace,3995000,House,3480,3,3,3,Hampstead,London,NW3 5BX,1147.9885057471265
St. Edmunds Terrace,6975000,Flat / Apartment,2583,3,3,3,St John's Wood,London,NW8 7ED,2700.348432055749
Dunstable Mews,2250000,House,1269,2,2,2,Marylebone,London,W1G 6BT,1773.049645390071
Elm Grove Road,2595000,House,3100,5,5,5,Barnes,London,SW13 0BX,837.0967741935484
Abbotts Close,650000,Flat / Apartment,767,2,2,2, Islington,London,N1 2HJ,847.457627118644
Carmichael Court,685000,Flat / Apartment,783,3,3,3, Barnes,London,SW13 0HA,874.8403575989782
Pont Street,19450000,Flat / Apartment,4699,5,5,5,Unknown,London,SW1X 0AD,4139.1785486273675
Crescent Road,1650000,House,2809,4,4,4,Kingston upon Thames,Surrey,KT2 7RF,587.3976504093984
Mint Street,600000,Flat / Apartment,1026,3,3,3,Bethnal Green,London,E2 6FX,584.7953216374269
Amhurst Road,515000,Flat / Apartment,518,1,1,1,Hackney,London,E8 1JH,994.2084942084942
Calico Apartments,699950,Flat / Apartment,743,2,2,2,18A Varden Street,London,E1 2AR,942.0592193808883
College Court,750000,Flat / Apartment,1072,4,4,4,Queen Caroline Street,London,W6 9DY,699.6268656716418
Battersea Park Road,599950,Flat / Apartment,657,2,2,2,Battersea,London,SW11 4ND,913.165905631659
Clapham Common North Side,2695000,House,2567,5,5,5,Unknown,London,SW4 9SD,1049.8636540708999
Coleherne Mews,3600000,New development,2000,3,3,3,Unknown,London,SW10 9DZ,1800.0
Maine Tower,1050000,New development,1075,3,3,3, Canary Wharf,London,E14 9DQ,976.7441860465116
Regency Walk,525000,Bungalow,583,2,2,2,Richmond,Surrey,TW10 6AU,900.5145797598627
Pendant Court,575000,Flat / Apartment,810,2,2,2, Newham,London,E16 2TF,709.8765432098766
Yvon House,500000,Flat / Apartment,536,1,1,1,Alexandra Avenue,London,SW11 4GA,932.8358208955224
Norton House,795000,Flat / Apartment,753,2,2,2,Duke of Wellington Avenue,London,SE18 6EY,1055.7768924302788
Coborn Mews,550000,Flat / Apartment,574,2,2,2,Coborn Street,London,E3 2AB,958.1881533101046
Television Centre,1235000,Flat / Apartment,960,2,2,2,4 Wood Crescent,London,W12 7GP,1286.4583333333333
Montagu Square,2595000,Flat / Apartment,1452,3,3,3,Marylebone,London,W1H 2LW,1787.190082644628
Beech Drive,2350000,House,5303,5,5,5, Tadworth,Surrey,KT20 6PP,443.14538940222513
Church Path,900000,House,1467,3,3,3,Bollo Bridge Road,London,W3 8AY,613.4969325153374
Blurton Road,1275000,House,1730,3,3,3,Unknown,London,E5 0NH,736.9942196531792
Prince Albert Court,2700000,Flat / Apartment,1665,3,3,3,33 Prince Albert Road,London,NW8 7LU,1621.6216216216217
Apex House,650000,Flat / Apartment,798,3,3,3, Brick Lane,London,E1 6LF,814.5363408521304
Gowrie Road,475000,Flat / Apartment,425,1,1,1,Unknown,London,SW11 5NR,1117.6470588235295
Landor Road,450000,Flat / Apartment,647,1,1,1,Unknown,London,SW9 9PH,695.5177743431221
Queensland Road,550000,New development,728,2,2,2,Highbury,London,N7 7EZ,755.4945054945055
Sigdon Road,1150000,House,1398,3,3,3,Hackney,London,E8 1AP,822.6037195994278
Weston Road,595000,Flat / Apartment,702,2,2,2,Chiswick,London,W4 5NH,847.5783475783476
Princes Gate,7500000,Flat / Apartment,2290,3,3,3,Unknown,London,SW7 1QJ,3275.109170305677
Westover Hill,4850000,House,5613,5,5,5,Hampstead,London,NW3 7UH,864.06556208801
Rusholme Road,3195000,House,4923,6,6,6,Putney,London,SW15 3JX,648.9945155393053
Ardwick Road,795000,New development,925,2,2,2,Fortune Green,London,NW2 2BX,859.4594594594595
Sudbrook Lane,3100000,House,3080,5,5,5,Richmond,Surrey,TW10 7AY,1006.4935064935065
Cedars Mews,2295000,House,2454,4,4,4,Unknown,London,SW4 0QD,935.2078239608802
Endlesham Road,2800000,House,2872,5,5,5,Unknown,London,SW12 8JL,974.9303621169917
Kingswood Road,1450000,House,2147,3,3,3,Unknown,London,SW19 3ND,675.3609687936656
Althorp Road,2950000,New development,3336,6,6,6,Unknown,London,SW17 7ED,884.2925659472422
Homestead Road,625000,Flat / Apartment,537,2,2,2,Fulham,London,SW6 7DB,1163.873370577281
Chaucer Road,1000000,House,1502,3,3,3,Unknown,London,W3 6DP,665.7789613848203
Eltham Court,575000,New development,800,2,2,2, West Ealing,London,W13 8RA,718.75
High Street,1095000,House,1885,4,4,4,Esher,Surrey,KT10 9QA,580.9018567639257
Moira Court,425000,Flat / Apartment,590,2,2,2,Balham High Road,London,SW17 7AQ,720.3389830508474
Hannaford Walk,349995,Flat / Apartment,486,1,1,1,Unknown,London,E3 3TF,720.1543209876543
Purcell Mansions,1100000,Flat / Apartment,1335,3,3,3, Barons Court,Fulham,W14 9TP,823.9700374531835
Godolphin Road,1800000,House,2366,4,4,4,Unknown,London,W12 8JN,760.777683854607
Poplar Grove,1050000,Flat / Apartment,958,2,2,2,Unknown,London,W6 7RF,1096.0334029227558
Fulham Park Gardens,1600000,Flat / Apartment,1763,4,4,4,Fulham,London,SW6 4JZ,907.5439591605218
Lonsdale Road,4500000,House,3908,6,6,6,Barnes,London,SW13 9JS,1151.484135107472
Grosvenor Gardens,1095000,House,1838,4,4,4,Woodford Green,Essex,IG8 0AR,595.7562568008705
Dolben Court,1200000,Flat / Apartment,1083,2,2,2,Montaigne Close,London,SW1P 4BB,1108.03324099723
Kingston House South,2495000,Flat / Apartment,1753,3,3,3,Ennismore Gardens,London,SW7 1NF,1423.2743867655447
Cabul Road,1275000,House,1750,4,4,4,Battersea,London,SW11 2PN,728.5714285714286
Dalmeny Court,1500000,Flat / Apartment,798,2,2,2, St. James's,London,SW1Y 6BL,1879.6992481203008
Shirland Road,600000,Flat / Apartment,630,2,2,2,Maida Vale,London,W9 2EL,952.3809523809524
Randolph Avenue,1100000,Flat / Apartment,908,2,2,2,Unknown,London,W9 1PF,1211.4537444933922
Grand Drive,575000,House,971,3,3,3,Raynes Park,London,SW20 9DG,592.173017507724
Mandalay Road,925000,Flat / Apartment,893,2,2,2,Clapham,London,SW4 9EE,1035.8342665173573
Manor Road,1495000,House,2433,4,4,4, Loughton,Essex,IG10 4AD,614.4677353062064
Southwell Gardens,4750000,Flat / Apartment,2500,3,3,3,Unknown,London,SW7 4SB,1900.0
Napier Road,2000000,House,2189,3,3,3,Unknown,London,W14 8LQ,913.6592051164915
Battersea Bridge Road,799950,Flat / Apartment,1040,2,2,2,Unknown,Battersea,SW11 3AS,769.1826923076923
Fielding Road,1300000,House,1347,3,3,3,Chiswick,London,W4 1DB,965.1076466221232
Schubert Road,1100000,Flat / Apartment,2043,4,4,4,Putney,London,SW15 2QS,538.4238864415075
Great Eastern Street,1200000,Flat / Apartment,890,1,1,1,Unknown,London,EC2A 3EP,1348.314606741573
Nottingham Place,9250000,House,5139,4,4,4,Unknown,London,W1U 5LU,1799.961081922553
Rivermead,1499000,House,3238,5,5,5,East Molesey,Surrey,KT8 9AZ,462.94008647313154
The Heights,475000,Flat / Apartment,977,3,3,3, Watford,Hertfordshire,WD19 4PU,486.18219037871035
Mallinson Road,925000,Flat / Apartment,944,2,2,2,Unknown,London,SW11 1BP,979.8728813559322
Addisland Court,1450000,Flat / Apartment,961,2,2,2,Holland Villas Road,London,W14 8DA,1508.8449531737774
Fitzgerald Road,1995000,House,3443,5,5,5,Thames Ditton,Surrey,KT7 0TU,579.4365379029916
Ashburn Gardens,2195000,Flat / Apartment,1623,3,3,3,Unknown,London,SW7 4DG,1352.433764633395
Bazalgette Court,550000,Flat / Apartment,797,2,2,2,Great West Road,London,W6 9AG,690.0878293601004
Waldemar Avenue,1950000,House,2054,5,5,5,Bishops Park,Fulham,SW6 5LU,949.367088607595
Deodar Road,1375000,House,1360,3,3,3,Putney,London,SW15 2NJ,1011.0294117647059
Thirsk Road,799999,Flat / Apartment,1090,2,2,2,Unknown,London,SW11 5SU,733.9440366972477
Boyd Building,440000,Flat / Apartment,847,2,2,2,10 Frobisher Yard,London,E16 2GY,519.4805194805194
Nottingham Place,3500000,Flat / Apartment,1956,3,3,3,Marylebone,London,W1U 5NH,1789.3660531697342
Craig Tower,475000,Flat / Apartment,895,2,2,2, Bow,London,E3 4EF,530.7262569832402
Cavendish Road,825000,Flat / Apartment,1312,3,3,3,Brondesbury,London,NW6 7XP,628.810975609756
Meadowbank,3500000,House,2956,5,5,5,Primrose Hill,London,NW3 3AY,1184.0324763193505
Hillbrow,950000,Flat / Apartment,1239,3,3,3,Unknown,Richmond Hill,TW10 6BH,766.7473769168685
Draycott Place,2750000,Flat / Apartment,1474,3,3,3,Unknown,London,SW3 2SB,1865.6716417910447
Mogul Building,625000,Flat / Apartment,928,2,2,2, Stratford,London,E15 1FY,673.4913793103449
Boat Race House,1295000,New development,1487,2,2,2,63 Mortlake High Street,London,SW14 8HL,870.880968392737
West Hill Road,2950000,House,2995,5,5,5,Putney,London,SW18 1LE,984.9749582637729
Porchester Road,899995,Flat / Apartment,834,2,2,2,Notting Hill,London,W2 5DP,1079.130695443645
Alvington Crescent,1300000,House,1907,4,4,4,Hackney,London,E8 2NW,681.6990036706869
Elizabeth Mews,1495000,House,1020,2,2,2,Belsize Park,London,NW3 4UH,1465.686274509804
Keble Place,795000,Flat / Apartment,922,2,2,2,Barnes,London,SW13 8HL,862.2559652928417
Chiswick Quay,1450000,House,2106,4,4,4,Chiswick,London,W4 3UR,688.5090218423552
Sugden Road,795000,Flat / Apartment,860,2,2,2,Unknown,London,SW11 5ED,924.4186046511628
Barmouth Road,765000,Flat / Apartment,993,2,2,2,Wandsworth,London,SW18 2DT,770.392749244713
Vicarage Drive,2150000,House,2309,5,5,5,Unknown,London,SW14 8RX,931.1390212213079
Ivory House,825000,Flat / Apartment,616,1,1,1,East Smithfield,London,E1W 1AT,1339.2857142857142
Pond Place,9500000,House,4277,4,4,4,Unknown,London,SW3 6QJ,2221.183072246902
Knivet Road,1575000,House,1703,4,4,4, Fulham,London,SW6 1JJ,924.8385202583676
Paget Place,1575000,House,2514,4,4,4,Kingston upon Thames,Surrey,KT2 7HZ,626.491646778043
Wandsworth Road,1350000,House,1900,4,4,4,Unknown,London,SW8 3JF,710.5263157894736
Hans Crescent,2050000,Flat / Apartment,1003,2,2,2,Unknown,London,SW1X 0LJ,2043.8683948155533
Beaufort Gardens,1999950,Flat / Apartment,802,2,2,2,Unknown,London,SW3 1PS,2493.7032418952617
Pond Street,875000,Flat / Apartment,943,2,2,2,Hampstead,London,NW3 2PS,927.8897136797455
Glenburnie Road,1275000,House,1445,3,3,3,Unknown,London,SW17 7NE,882.3529411764706
Barrowgate Road,2850000,House,2833,5,5,5,Chiswick,London,W4 4QU,1006.0007059654077
Bath Road,3500000,House,3775,7,7,7,Bedford Park,London,W4 1LJ,927.1523178807947
Stanlake Road,1875000,House,2618,5,5,5,Unknown,London,W12 7HG,716.1955691367456
Bridge Street,2100000,House,2139,5,5,5,Chiswick,London,W4 5UF,981.7671809256663
Abbey Lodge,3750000,Flat / Apartment,2315,4,4,4, St John's Wood,London,NW8 7RJ,1619.8704103671707
Blomfield Road,2450000,Flat / Apartment,1289,2,2,2,Little Venice,London,W9 2PD,1900.6982156710628
Arena Tower,498000,Flat / Apartment,554,1,1,1, Canary Wharf,London,E14 9TA,898.9169675090253
Oxborough House,590000,Flat / Apartment,795,2,2,2,33 Eltringham Street,London,SW18 1GS,742.1383647798742
Clerkenwell Road,900000,Flat / Apartment,756,2,2,2,Unknown,London,EC1M 5PY,1190.4761904761904
Cranley Gardens,1195000,Flat / Apartment,850,1,1,1,Unknown,London,SW7 3DD,1405.8823529411766
Courtfield Gardens,2195000,Flat / Apartment,1268,2,2,2,Unknown,London,SW5 0PD,1731.0725552050474
Bassein Park Road,2400000,House,3029,6,6,6,Unknown,London,W12 9RZ,792.3407065037966
Park Mansions,850000,Flat / Apartment,975,3,3,3, Battersea,London,SW11 4HQ,871.7948717948718
Palace Road,4250000,House,6632,7,7,7,East Molesey,Surrey,KT8 9DN,640.832328106152
Manor House,1025000,Flat / Apartment,1070,3,3,3, Marylebone,London,NW1 5NP,957.9439252336449
Balcombe Street,520000,Flat / Apartment,411,1,1,1,Marylebone,London,NW1 6HD,1265.206812652068
Charlwood Road,1950000,House,2158,3,3,3,Putney,London,SW15 1PW,903.6144578313254
Corinthia Residences,8950000,New development,2956,3,3,3,10 Whitehall Place,London,SW1A 2BD,3027.7401894451964
Crane Grove,799950,House,686,2,2,2,Unknown,London,N7 8LE,1166.1078717201167
Lansdowne Drive,1295000,House,1364,3,3,3,Hackney,London,E8 3ER,949.4134897360703
Winterdown Road,775000,House,1149,2,2,2,Esher,Surrey,KT10 8LJ,674.4995648389904
Dartmouth Terrace,410000,Flat / Apartment,547,1,1,1,Blackheath,London,SE10 8AX,749.5429616087752
Embassy Works,625000,Flat / Apartment,541,1,1,1,10-12 Lawn Lane,London,SW8 1UD,1155.268022181146
Dance Square,650000,Flat / Apartment,571,1,1,1,Unknown,London,EC1V 3AN,1138.353765323993
Beacon Tower,595000,Flat / Apartment,735,2,2,2,1 Spectrum Way,London,SW18 4GL,809.5238095238095
Tamarind Court,2650000,New development,1191,2,2,2,Stone Hall Gardens,London,W8 5UP,2225.0209907640638
Wandsworth Common West Side,2500000,House,2882,6,6,6,Wandsworth,London,SW18 2ED,867.4531575294934
Queenstown Road,950000,House,1661,4,4,4,Battersea,London,SW8 3QD,571.944611679711
Fladgate House,820000,New development,797,1,1,1,Unknown,4 Circus Road West,SW11 8EU,1028.8582183186952
Heath Rise,1225000,Flat / Apartment,2056,3,3,3, Putney,London,SW15 3HF,595.817120622568
Pembridge Villas,1795000,Flat / Apartment,1118,2,2,2,Notting Hill,London,W11 3EL,1605.545617173524
The Woodlands,1000000,House,1666,3,3,3,Esher,Surrey,KT10 8DD,600.2400960384153
Holroyd Road,2295000,House,2899,4,4,4,Putney,London,SW15 6LN,791.6522938944464
Campden Hill Court,5000000,Flat / Apartment,2248,4,4,4,Campden Hill Road,London,W8 7HX,2224.1992882562276
Campion Road,2895000,House,3414,6,6,6,Putney,London,SW15 6NN,847.9789103690686
Rutland Gate,1000000,Flat / Apartment,728,2,2,2,Unknown,London,SW7 1BH,1373.6263736263736
Highbury New Park,625000,Flat / Apartment,825,2,2,2,Unknown,London,N5 2DJ,757.5757575757576
Freeland Road,3000000,House,4088,6,6,6,Ealing,London,W5 3HR,733.8551859099804
Edge Hill,3950000,New development,4438,5,5,5,Wimbledon,London,SW19 4NP,890.0405588102749
Gorst Road,2999000,House,3295,6,6,6,Unknown,London,SW11 6JE,910.1669195751138
Gloucester Street,965000,Flat / Apartment,925,2,2,2,Pimlico,London,SW1V 2DB,1043.2432432432433
Byfeld Gardens,2000000,House,2127,4,4,4,Barnes,London,SW13 9HP,940.2914903620123
Montagu Mews West,5000000,House,2332,4,4,4,Unknown,Marylebone,W1H 2EE,2144.082332761578
Marryat Place,3450000,New development,3802,5,5,5,Wimbledon,London,SW19 5BL,907.4171488690163
Callow Street,895000,Flat / Apartment,555,1,1,1,Unknown,London,SW3 6BJ,1612.6126126126126
Oxshott,5000000,House,7879,6,6,6,Unknown,Surrey,KT22 0QB,634.5982992765579
Stanley Grove,1095000,House,1256,4,4,4,Unknown,London,SW8 3PB,871.8152866242038
West Eaton Place Mews,5650000,House,2753,4,4,4,Belgravia,London,SW1X 8LY,2052.306574645841
Foyle Road,2820000,New development,3900,5,5,5,Blackheath,London,SE3 7RH,723.0769230769231
Worple Avenue,2250000,House,2835,5,5,5,Wimbledon,London,SW19 4JQ,793.6507936507936
Speldhurst Road,1450000,House,1667,4,4,4,South Hackney,London,E9 7EH,869.8260347930413
City Road,700000,Flat / Apartment,997,2,2,2,Unknown,London,EC1V 2NR,702.1063189568706
Exchange Building,1850000,Penthouse,1836,2,2,2, Spitalfields,London,E1 6NQ,1007.6252723311546
Doughty Street,3000000,House,3325,7,7,7,Bloomsbury,London,WC1N 2AA,902.2556390977444
Boundaries Road,1525000,House,2232,5,5,5,Unknown,London,SW12 8HG,683.2437275985664
Hatton Wall,1350000,Penthouse,1117,2,2,2,Clerkenwell,London,EC1N 8JJ,1208.5944494180842
Dallington Street,625000,Flat / Apartment,636,1,1,1,Clerkenwell,London,EC1V 0DB,982.7044025157232
Marville Road,1650000,House,1576,4,4,4,Fulham,London,SW6 7BB,1046.9543147208121
Inverness Street,450000,Flat / Apartment,500,1,1,1,Camden,London,NW1 7HB,900.0
Telford Terrace,1625000,House,1372,4,4,4,Unknown,London,SW1V 3AE,1184.402332361516
The Drive,1000000,House,1528,4,4,4,Unknown,Northwood,HA6 1HW,654.4502617801047
Rosebery Avenue,850000,Flat / Apartment,848,2,2,2,Clerkenwell,London,EC1R 4UL,1002.3584905660377
Spencer Road,2495000,House,3609,6,6,6,Unknown,Twickenham,TW2 5TH,691.3272374619008
Chiswick Quay,2250000,House,2469,4,4,4,Unknown,London,W4 3UR,911.3001215066829
Hamilton Terrace,3950000,House,2803,5,5,5,St. John's Wood,London,NW8 9UG,1409.204423831609
Surrey Square,1750000,House,2396,5,5,5,Unknown,London,SE17 2JX,730.3839732888147
Newcastle House,1195000,Flat / Apartment,678,1,1,1, Marylebone,London,W1U 5BR,1762.5368731563422
Magdalen Road,650000,Flat / Apartment,1077,2,2,2,Wandsworth,London,SW18 3NY,603.5283194057567
Perrymead Street,3000000,House,3027,5,5,5, Parsons Green,London,SW6 3SN,991.0802775024777
Ceram Court,550000,Flat / Apartment,960,2,2,2, Bow,London,E3 3GW,572.9166666666666
Bristol House,1000000,Flat / Apartment,659,1,1,1,67 Lower Sloane Street,London,SW1W 8DD,1517.4506828528072
Park Square East,9950000,House,4876,6,6,6,Regent's Park,London,NW1 4LH,2040.6070549630845
Chelsea Square,11950000,House,4785,5,5,5,Unknown,London,SW3 6LH,2497.387669801463
Trefoil Road,1500000,House,2123,5,5,5,Wandsworth,London,SW18 2EQ,706.547338671691
Leathwaite Road,599999,Flat / Apartment,665,2,2,2,Unknown,London,SW11 1XG,902.2541353383459
Nevern Square,995000,Flat / Apartment,1021,2,2,2,Unknown,London,SW5 9NN,974.5347698334966
Plender Street,525000,Flat / Apartment,565,1,1,1,Camden,London,NW1 0LB,929.2035398230089
Ebury Street,2395000,Flat / Apartment,1190,3,3,3,Unknown,London,SW1W 0PA,2012.6050420168067
Abingdon Court,2100000,Flat / Apartment,1367,3,3,3, Kensington,London,W8 6BS,1536.2106803218728
Geraldine Road,800000,Flat / Apartment,1044,2,2,2,Wandsworth,London,SW18 2NT,766.2835249042146
Glenalmond House,885000,Flat / Apartment,1113,3,3,3, Putney,London,SW15 3LP,795.1482479784366
Howards Lane,2395000,House,2881,5,5,5,Putney,London,SW15 6NZ,831.3085734120098
Maitland Court,1680000,Flat / Apartment,1502,3,3,3, Paddington,London,W2 3PD,1118.508655126498
Thornton Avenue,2000000,House,2178,4,4,4,Chiswick,London,W4 1QF,918.2736455463728
Corney Reach Way,1175000,House,1752,3,3,3,Chiswick,London,W4 2TY,670.662100456621
Fulham Park Gardens,2350000,House,2720,6,6,6,Fulham,London,SW6 4JX,863.9705882352941
Bute Avenue,4200000,House,4591,6,6,6,Richmond,Surrey,TW10 7AX,914.8333696362448
Chepstow Road,1550000,Flat / Apartment,1227,2,2,2,Notting Hill,London,W2 5BH,1263.243683781581
St. Dionis Road,2500000,House,2314,4,4,4, Fulham,London,SW6 4TT,1080.3802938634399
Weststand Apartments,695000,Flat / Apartment,871,2,2,2,Highbury Stadium Square,London,N5 1FH,797.9334098737083
Harefield,775000,House,1368,3,3,3,Esher,Surrey,KT10 9TG,566.5204678362574
Philbeach Gardens,4950000,House,4622,6,6,6,Unknown,London,SW5 9EB,1070.9649502379923
Philbeach Gardens,1795000,Flat / Apartment,1402,4,4,4,Unknown,London,SW5 9DY,1280.3138373751783
Wandsworth Common West Side,2550000,House,2665,5,5,5,Wandsworth,London,SW18 2ED,956.8480300187617
Oyster Wharf,565000,Flat / Apartment,711,2,2,2, Battersea,London,SW11 3RJ,794.6554149085795
Block A,2500000,Flat / Apartment,1950,3,3,3,50 Holland Street,London,SE1 9FU,1282.051282051282
East Hill,885000,Flat / Apartment,920,2,2,2,Wandsworth,London,SW18 2HG,961.9565217391304
Sefton Street,399950,New development,362,1,1,1,Putney,London,SW15 1NA,1104.8342541436464
Darwin Court,895000,Flat / Apartment,1013,2,2,2, Primrose Hill,London,NW1 7BQ,883.5143139190524
North Side Wandsworth Common,550000,Flat / Apartment,654,2,2,2,Unknown,London,SW18 2SL,840.9785932721712
Airedale Road,1450000,House,2270,4,4,4,Unknown,London,SW12 8SF,638.7665198237886
Television Centre,1160000,New development,861,2,2,2,101 Wood Lane,London,W12 7FT,1347.2706155632984
Atrium Apartments,2500000,Flat / Apartment,1227,2,2,2, St John's Wood,London,NW8 7EA,2037.4898125509374
Ennismore Gardens,1575000,Flat / Apartment,699,1,1,1,Unknown,London,SW7 1NP,2253.218884120172
Langdon Park Road,2500000,House,3613,7,7,7,Highgate,London,N6 5QG,691.9457514530861
Draycott Place,1150000,Flat / Apartment,682,1,1,1,Unknown,London,SW3 2SB,1686.217008797654
Fassett Square,1450000,House,1727,4,4,4,Unknown,London,E8 1DQ,839.6062536189925
Cadogan Lane,2650000,House,1304,2,2,2,Unknown,London,SW1X 9DX,2032.2085889570553
Birkbeck Road,1175000,House,1601,4,4,4,Wimbledon,London,SW19 8NZ,733.9163023110556
Loddiges Road,360000,Flat / Apartment,630,2,2,2,South Hackney,London,E9 7PJ,571.4285714285714
Linnet Court,670000,Flat / Apartment,920,2,2,2, Putney,London,SW15 6RJ,728.2608695652174
Thornton Place,799500,Flat / Apartment,898,2,2,2,Unknown,London,SW4 0AB,890.3118040089087
Hartismere Road,1250000,House,1828,4,4,4,Fulham,London,SW6 7UE,683.8074398249453
Ayr Court,350000,Flat / Apartment,422,1,1,1,Monks Drive,London,W3 0EA,829.3838862559242
Kings Drive,895000,House,1579,4,4,4,Thames Ditton,Surrey,KT7 0TH,566.8144395186827
Fee Farm Road,1500000,House,2122,5,5,5, Esher,Surrey,KT10 0JX,706.880301602262
Trevor Square,4250000,House,1978,4,4,4,Knightsbridge,London,SW7 1DY,2148.6349848331647
Porteus Place,1225000,Flat / Apartment,1262,3,3,3,Unknown,London,SW4 0AS,970.6814580031696
Newark Street,1150000,House,1447,4,4,4,Unknown,London,E1 2AA,794.7477539737388
Queen Anne's Gate,14850000,House,7800,6,6,6,Unknown,London,SW1H 9AA,1903.8461538461538
Larkhall Rise,2250000,House,2422,5,5,5,Unknown,London,SW4 6LB,928.9843104872007
Gore Road,405000,Flat / Apartment,376,1,1,1,South Hackney,London,E9 7HR,1077.127659574468
Eleven Acre Rise,2750000,House,5310,5,5,5,Loughton,Essex,IG10 1AN,517.8907721280602
Southgate Road,1695000,House,2160,4,4,4,Islington,London,N1 3HX,784.7222222222222
Cross Street,850000,Flat / Apartment,770,2,2,2,Islington,London,N1 2BA,1103.8961038961038
Television Centre,1295000,Flat / Apartment,924,2,2,2,101 Wood Lane,London,W12 7FT,1401.5151515151515
80 Rainville Road,2750000,Flat / Apartment,1765,3,3,3,Hammersmith,London,W6 9HS,1558.0736543909347
The Tower,2750000,Flat / Apartment,1539,3,3,3, Vauxhall,London,SW8 2DA,1786.8745938921377
Maddox Street,1500000,Flat / Apartment,638,1,1,1,Unknown,London,W1S 2QJ,2351.0971786833857
City Road,599950,Flat / Apartment,495,1,1,1,Clerkenwell,London,EC1V 2PY,1212.020202020202
Mulberry Court,1100000,Flat / Apartment,1461,3,3,3,1 School Mews,London,E1 0EW,752.9089664613279
Eton Avenue,4750000,House,2890,5,5,5,Belsize Park,London,NW3 3HL,1643.598615916955
Castelnau,2500000,House,3053,5,5,5,Barnes,London,SW13 9EW,818.8666885031117
Richard Burbidge Mansions,1250000,Flat / Apartment,1281,2,2,2,1 Brasenose Drive,London,SW13 8RB,975.800156128025
Boat Race House,1650000,New development,1887,2,2,2,63 Mortlake High Street,London,SW14 8HL,874.4038155802862
Cathcart Road,6250000,House,3215,5,5,5,Chelsea,London,SW10 9NN,1944.0124416796268
London House,5295000,Penthouse,2807,4,4,4, St John's Wood,London,NW8 7PX,1886.3555397221232
Hasker Street,3500000,House,1481,3,3,3,Unknown,London,SW3 2LQ,2363.268062120189
Ovington Square,14500000,House,7156,6,6,6,Unknown,London,SW3 1LJ,2026.2716601453326
Somerset Square,4250000,House,2631,2,2,2,Unknown,London,W14 8EE,1615.3553781832004
Lanherne House,699950,Flat / Apartment,1087,3,3,3,9 The Downs,London,SW20 8JG,643.9282428702852
Craven Hill Gardens,1100000,Flat / Apartment,718,1,1,1,Unknown,London,W2 3EA,1532.033426183844
Studdridge Street,3100000,House,2885,6,6,6, Fulham,London,SW6 3SL,1074.523396880416
Spinnaker House,700000,Flat / Apartment,990,2,2,2, Battersea,London,SW18 1FR,707.070707070707
Artillery Mansions,1600000,Flat / Apartment,1078,2,2,2, Westminster,London,SW1H 0HX,1484.2300556586272
Huntingfield Road,625000,House,899,2,2,2,Putney,London,SW15 5ER,695.2169076751946
Briary Close,1895000,House,1975,5,5,5,Swiss Cottage,London,NW3 3JZ,959.493670886076
Ladbroke Grove,485000,Flat / Apartment,454,1,1,1,Notting Hill,London,W11 1PG,1068.2819383259912
Layer Gardens,2150000,House,2887,6,6,6,Ealing,London,W3 9PR,744.717700034638
Sindercombe Mews,1200000,House,1358,2,2,2,Unknown,London,W12 9BQ,883.6524300441827
Faraday Lodge,565000,Flat / Apartment,895,2,2,2, Greenwich,London,SE10 0QL,631.2849162011173
Broomwood Road,600000,Flat / Apartment,736,3,3,3,Unknown,London,SW11 6JF,815.2173913043479
Boat Race House,1850000,New development,1978,3,3,3,63 Mortlake High Street,London,SW14 8HL,935.2881698685541
Eglantine Road,1275000,House,1766,4,4,4,Wandsworth,London,SW18 2DD,721.9705549263873
Longmoore Street,2100000,House,1913,4,4,4,Unknown,London,SW1V 1JQ,1097.7522216414009
Elizabeth Street,3450000,Flat / Apartment,2377,5,5,5,Unknown,London,SW1W 9PB,1451.409339503576
Elsworthy Rise,1050000,New development,546,1,1,1,Primrose Hill,London,NW3 3DS,1923.076923076923
Well Road,6950000,New development,4295,5,5,5,Hampstead,London,NW3 1LH,1618.1606519208383
St John Street,999950,Penthouse,764,2,2,2,Unknown,London,EC1V 4ND,1308.8350785340315
Mandeville Courtyard,995000,Flat / Apartment,1115,2,2,2, Battersea,London,SW11 4NB,892.3766816143498
Hornsey Lane Gardens,1150000,Flat / Apartment,1346,3,3,3,Highgate,London,N6 5NY,854.3833580980684
Boat Race House,2200000,Penthouse,1715,2,2,2,63 Mortlake High Street,London,SW14 8HL,1282.798833819242
Boat Race House,1800000,Penthouse,1490,2,2,2,63 Mortlake High Street,London,SW14 8HL,1208.0536912751677
Warwick Way,680000,Flat / Apartment,681,2,2,2,Unknown,London,SW1V 1QR,998.5315712187959
Butler House,925000,New development,1033,3,3,3, Maida Vale,London,W9 2DP,895.4501452081316
Westbourne Terrace Road,1800000,Flat / Apartment,1441,3,3,3,Little Venice,London,W2 6NG,1249.1325468424704
Packington Street,1000000,Flat / Apartment,923,2,2,2,Islington,London,N1 8RA,1083.4236186348862
Vincent Close,1765000,House,3354,5,5,5,Esher,Surrey,KT10 8AW,526.23732856291
Horseshoe Court,835000,Flat / Apartment,744,2,2,2,11 Brewhouse Yard,London,EC1V 4JU,1122.3118279569892
Tring Avenue,1900000,House,2599,5,5,5,Unknown,London,W5 3QD,731.050404001539
Jackson & Joseph Building,1900000,Flat / Apartment,2114,2,2,2,8 Princelet Street,London,E1 6QJ,898.7701040681173
Upper Richmond Road,540000,Flat / Apartment,615,2,2,2,Putney,London,SW15 2TX,878.0487804878048
Palm House,899950,Flat / Apartment,1025,3,3,3,70 Sancroft Street,London,SE11 5AH,878.0
Poppyfield House,460000,Flat / Apartment,767,2,2,2,Copperwood Place,London,SE10 8GD,599.7392438070405
Ormond House,730000,Flat / Apartment,626,2,2,2,Medway Street,London,SW1P 2TB,1166.1341853035144
Lingfield Road,1495000,Flat / Apartment,1618,3,3,3,Unknown,London,SW19 4PU,923.9802224969097
Blue Row Cottage,525000,House,833,3,3,3,Upshirebury Green,Essex,EN9 3ST,630.2521008403361
Carlton Hill,1195000,Flat / Apartment,839,2,2,2,St. John's Wood,London,NW8 0JY,1424.3146603098928
Eardley Crescent,775000,Flat / Apartment,828,2,2,2,Unknown,London,SW5 9JS,935.9903381642512
Anhalt Road,3200000,House,2634,5,5,5,Battersea,London,SW11 4NZ,1214.8823082763856
Clare Hill,2495000,House,4185,6,6,6,Esher,Surrey,KT10 9NB,596.1768219832736
Hardman Road,699950,House,1037,3,3,3,Kingston upon Thames,Surrey,KT2 6RH,674.9758919961428
Carew Road,500000,Flat / Apartment,955,2,2,2,Northwood,Middlesex,HA6 3NL,523.5602094240837
Almeric Road,699999,Flat / Apartment,970,2,2,2,Unknown,London,SW11 1HL,721.6484536082475
Ellington Street,500000,Flat / Apartment,462,1,1,1,Unknown,London,N7 8PL,1082.2510822510822
Seymour Road,1150000,House,1774,4,4,4,East Molesey,Surrey,KT8 0PB,648.2525366403607
17 Lillie Square,2170000,New development,1083,3,3,3, Earls Court,London,SW6 1UE,2003.6934441366575
Queen's Gate Terrace,1395000,Flat / Apartment,924,2,2,2,Unknown,London,SW7 5PL,1509.7402597402597
Brynmaer Road,2300000,House,2062,4,4,4,Unknown,London,SW11 4EW,1115.4219204655674
Eagle Point,899995,Flat / Apartment,863,2,2,2, Old Street,London,EC1V 1AR,1042.8679026651216
Battersea High Street,900000,House,902,2,2,2,Unknown,London,SW11 3HX,997.7827050997782
Norfolk Road,6395000,House,2944,3,3,3,St. John's Wood,London,NW8 6HE,2172.2146739130435
Belgravia Court,1350000,Flat / Apartment,750,2,2,2,33 Ebury Street,London,SW1W 0NY,1800.0
Icon Apartments,5000000,Penthouse,4004,4,4,4, Pimlico,London,SW1V 3JY,1248.7512487512488
Queensmill Road,2300000,House,2713,6,6,6,Fulham,London,SW6 6JP,847.7699963140435
Welbeck House,6100000,Flat / Apartment,2625,5,5,5, Marylebone,London,W1G 9XE,2323.809523809524
Castlebar Hill,950000,House,968,2,2,2,Ealing,London,W5 1TD,981.404958677686
St. George's Square,2325000,Penthouse,1895,4,4,4,Pimlico,London,SW1V 3QN,1226.9129287598944
Ingram Avenue,17950000,House,14358,7,7,7,Hampstead Garden Suburb,London,NW11 6TL,1250.174118958072
Coleherne Court,1195000,Flat / Apartment,1039,3,3,3,Old Brompton Road,London,SW5 0EE,1150.1443695861406
Airedale Avenue,2250000,House,1874,5,5,5,Chiswick,London,W4 2NW,1200.640341515475
Bridges Wharf,595000,Flat / Apartment,674,2,2,2, Battersea,London,SW11 3GZ,882.7893175074184
Birdhurst Road,700000,Flat / Apartment,801,3,3,3,Unknown,London,SW18 1AR,873.9076154806492
Ann Street,675000,Flat / Apartment,736,2,2,2,Unknown,London,N1 7FF,917.1195652173913
Quartz House,800000,Flat / Apartment,907,2,2,2, Ealing,London,W5 2XA,882.0286659316428
Kings Road,1100000,Flat / Apartment,1156,2,2,2,Unknown,London,SW10 0TX,951.5570934256056
Kingsway,995000,Flat / Apartment,685,2,2,2,Unknown,London,WC2B 6EL,1452.5547445255474
North Gate,3500000,Flat / Apartment,2423,4,4,4, St. John's Wood,London,NW8 7EJ,1444.4903012794057
Burlington Gardens,3950000,House,4188,7,7,7,Chiswick,London,W4 4LT,943.170964660936
South Terrace,6750000,House,3719,5,5,5,Unknown,London,SW7 2TB,1815.0040333422962
Wilton Place,9000000,House,4039,5,5,5,Unknown,London,SW1X 8RL,2228.2743253280514
Bentley Priory,700000,Flat / Apartment,1221,3,3,3, Stanmore,Middlesex,HA7 3FB,573.3005733005733
Oaklands Estate,500000,Flat / Apartment,945,4,4,4,Clapham,London,SW4 8AG,529.1005291005291
Kirby Street,950000,Flat / Apartment,870,2,2,2,Clerkenwell,London,EC1N 8TE,1091.9540229885058
St. Luke's Avenue,1100000,New development,1310,2,2,2,Unknown,London,SW4 7EB,839.6946564885496
Carillon Court,470000,Penthouse,496,1,1,1, Shoreditch,London,E1 5EN,947.5806451612904
Petersham Road,2980000,House,3433,6,6,6,Richmond,Surrey,TW10 7DA,868.0454413049811
Hopkinsons Place,1250000,Flat / Apartment,969,3,3,3,Primrose Hill,London,NW1 8TN,1289.9896800825593
Reform Street,850000,House,1017,2,2,2,Battersea,London,SW11 5AJ,835.7915437561455
Tufton Court,1325000,Flat / Apartment,1167,3,3,3,Tufton Street,London,SW1P 3QH,1135.3898886032562
The Knightsbridge Apartments,6950000,Flat / Apartment,1584,3,3,3,199 Knightsbridge,London,SW7 1RH,4387.626262626262
Hilliard Road,650000,House,1386,4,4,4,Northwood,Middlesex,HA6 1SP,468.97546897546897
St. Peters Square,3400000,House,2441,4,4,4,Hammersmith,London,W6 9AB,1392.8717738631708
Drake House,1650000,Flat / Apartment,1189,2,2,2,76 Marsham Street,London,SW1P 4LY,1387.7207737594617
The Belvedere,2750000,Flat / Apartment,2080,4,4,4, Chelsea,London,SW10 0XA,1322.1153846153845
Wheatley Street,2200000,Flat / Apartment,1119,2,2,2,Marylebone,London,W1G 8PS,1966.041108132261
Ellerby Street,3875000,House,4095,7,7,7, Fulham,London,SW6 6EY,946.2759462759462
Cornwall Gardens,4350000,Penthouse,2494,3,3,3,Unknown,London,SW7 4BQ,1744.1860465116279
Colefax Building,475000,Flat / Apartment,542,1,1,1,23 Plumbers Row,London,E1 1EQ,876.3837638376384
Sculpture House,450000,Flat / Apartment,738,2,2,2,4 Killick Way,London,E1 3FE,609.7560975609756
Westbourne Terrace,1450000,Flat / Apartment,1067,2,2,2,Unknown,London,W2 6QT,1358.950328022493
Durham Terrace,2250000,Flat / Apartment,1539,2,2,2,Unknown,London,W2 5PB,1461.9883040935672
New Road,4750000,House,8081,7,7,7,Esher,Surrey,KT10 9PG,587.7985397846801
Cedars Road,3500000,House,3001,5,5,5,Barnes,London,SW13 0HP,1166.2779073642118
New Atlas Wharf,865000,Flat / Apartment,1551,3,3,3,3 Arnhem Place,London,E14 3SS,557.7047066408769
Benbow House,8250000,Penthouse,4555,5,5,5, Southwark,London,SE1 9DS,1811.1964873765094
Kent Terrace,7500000,House,3792,5,5,5,Regent's Park,London,NW1 4RP,1977.8481012658228
Park Street,7925000,House,2648,4,4,4,Mayfair,London,W1K 2JZ,2992.824773413897
Westbridge Road,5250000,House,4144,6,6,6,Battersea Park,London,SW11 3PW,1266.8918918918919
Residence Tower,595000,Flat / Apartment,795,2,2,2,Woodberry Grove,London,N4 2BS,748.4276729559748
Acfold Road,2650000,House,2454,6,6,6,Fulham,London,SW6 2AL,1079.8696006519967
Abbey Lodge,5950000,Penthouse,2220,4,4,4, St John's Wood,London,NW8 7RL,2680.1801801801803
North Gate,5600000,Flat / Apartment,2509,4,4,4, St. John's Wood,London,NW8 7EH,2231.9649262654443
New Road,2250000,House,3889,4,4,4,Esher,Surrey,KT10 9PG,578.5548984314734
Dalling Road,1100000,House,1454,4,4,4,Unknown,London,W6 0JD,756.5337001375516
Doulton House,1195000,Flat / Apartment,1024,3,3,3, Fulham,London,SW6 2FS,1166.9921875
Queensbridge Road,975000,Flat / Apartment,1194,3,3,3,Hackney,London,E8 3AR,816.5829145728643
Windsor House,600000,Flat / Apartment,1219,3,3,3, Bushey,Hertfordshire,WD23 2RH,492.2067268252666
Chiltern Place,4950000,New development,1627,2,2,2,66 Chiltern Street,Marylebone,W1U 6NJ,3042.4093423478794
Oakhill Avenue,995000,House,1762,4,4,4,Pinner,Middlesex,HA5 3DL,564.6992054483542
Hereford Road,725000,Flat / Apartment,521,1,1,1,Notting Hill,London,W2 5AJ,1391.5547024952016
Hollandgreen Place,2750000,New development,1184,2,2,2,Unknown,London,W8 6AX,2322.635135135135
South Quay Plaza,1375000,New development,1203,3,3,3,Canary Wharf,London,E14 9SH,1142.975893599335
Wardian West Tower,1850000,Penthouse,1268,2,2,2, Canary Wharf,London,E14 9TP,1458.9905362776026
Kings Gate Walk,1825000,New development,934,2,2,2,Victoria,London,SW1E 6AN,1953.9614561027838
St George's Park,807995,New development,1650,5,5,5,Suttons Lane,Hornchurch,RM12 6RS,489.6939393939394
Fairacres,1325000,Flat / Apartment,2403,4,4,4, Putney,London,SW15 5LX,551.3940907199334
Buckingham Gate,750000,Flat / Apartment,596,1,1,1,Unknown,London,SW1E 6PB,1258.3892617449665
Wardian East Tower,575000,New development,531,1,1,1, Canary Wharf,London,E14 9TP,1082.8625235404897
Gertrude Street,1425000,Flat / Apartment,983,2,2,2,Unknown,London,SW10 0JG,1449.643947100712
The Arthaus Apartments,550000,Flat / Apartment,672,2,2,2,205 Richmond Road,London,E8 3FF,818.452380952381
Duchess of Bedford House,2200000,Flat / Apartment,1337,3,3,3,Duchess of Bedfords Walk,London,W8 7QN,1645.4749439042632
Malvern Terrace,2000000,House,1450,4,4,4,Islington,London,N1 1HR,1379.3103448275863
Regan Yard,640000,New development,794,3,3,3, London,N1 6FU,N1 6PH,806.0453400503778
Aberdeen Road,3500000,House,3247,5,5,5,Unknown,London,N5 2XB,1077.9180782260548
23 Maud Street,765000,Flat / Apartment,1234,3,3,3,Royal Docks,London,E16 1YU,619.935170178282
Mozart Terrace,7500000,House,3871,5,5,5,Ebury Street,London,SW1W 8UP,1937.4838543012143
Gayville Road,875000,Flat / Apartment,782,2,2,2,Unknown,London,SW11 6JP,1118.925831202046
The Spinney,4350000,New development,8151,5,5,5,Queens Drive,Oxshott,KT22 0PL,533.6768494663231
Jessel Drive,475000,House,1018,3,3,3,Loughton,Essex,IG10 2EX,466.60117878192534
Boat Race House,1320000,New development,1452,2,2,2,63 Mortlake High Street,London,SW14 8HL,909.0909090909091
Whiston House,550000,Flat / Apartment,558,2,2,2, Halton Road,London,N1 2DH,985.663082437276
Ebury Square,5395000,Flat / Apartment,1845,3,3,3,Unknown,London,SW1W 9AH,2924.119241192412
Hallowell Road,300000,Flat / Apartment,573,1,1,1,Northwood,Middlesex,HA6 1DT,523.5602094240837
Sussex Square,1600000,Flat / Apartment,1535,4,4,4,Paddington,London,W2 2SR,1042.3452768729642
St John's Place,890000,Flat / Apartment,800,2,2,2,Clerkenwell,London,EC1M 4NP,1112.5
Junction House,862000,New development,978,3,3,3, Battersea,London,SW11 2NU,881.3905930470347
Regents House,775000,New development,636,1,1,1, Battersea,London,SW11 4FA,1218.553459119497
Charles Street,1600000,New development,1500,3,3,3,Barnes,London,SW13 0NZ,1066.6666666666667
Queen's Gate Place,1950000,Flat / Apartment,1376,2,2,2,Unknown,London,SW7 5NU,1417.1511627906978
Goodwood Court,680000,Flat / Apartment,484,1,1,1,54-57 Devonshire Street,London,W1W 5DZ,1404.9586776859503
Old Church Street,7600000,House,2896,4,4,4,Unknown,London,SW3 5DQ,2624.3093922651933
Overstrand Mansions,1800000,Flat / Apartment,1386,3,3,3,Prince of Wales Drive,London,SW11 4HA,1298.7012987012988
Overstrand Mansions,1490000,Flat / Apartment,1452,3,3,3,Prince of Wales Drive,London,SW11 4EY,1026.1707988980716
Cranbourne Court,1500000,Flat / Apartment,1088,2,2,2,Albert Bridge Road,London,SW11 4PE,1378.6764705882354
Enclave Court,1100000,Flat / Apartment,1056,1,1,1, Clerkenwell,London,EC1V 0BH,1041.6666666666667
Girdlers Road,1030000,Flat / Apartment,959,2,2,2,Brook Green,London,W14 0PS,1074.0354535974973
Television Centre,1350000,Flat / Apartment,1007,2,2,2,3 Wood Crescent,London,W12 7GN,1340.6156901688182
Pentland House,880000,Flat / Apartment,693,2,2,2,188 Cromwell Road,London,SW5 0SJ,1269.8412698412699
Belgrave Court,875000,Flat / Apartment,1278,2,2,2, Canary Wharf,London,E14 8RJ,684.6635367762128
Gooch House,544999,Flat / Apartment,792,2,2,2, Greenwich,London,SE10 0XL,688.1300505050505
Holland Road,799000,Flat / Apartment,835,1,1,1,Unknown,London,W14 8HL,956.8862275449102
Cadogan Court,5250000,Flat / Apartment,2456,4,4,4, Chelsea,London,SW3 3BX,2137.6221498371337
Winchester Place,2150000,New development,2453,4,4,4,Highgate,London,N6 5HJ,876.4777823073787
Winchester Place,2000000,New development,2421,4,4,4,Highgate,London,N6 5HJ,826.1049153242462
Windmill Road,1000000,House,2701,4,4,4,Brentford,London,TW8 9NH,370.23324694557573
Green Street,3850000,Flat / Apartment,995,2,2,2,Mayfair,London,W1K 6RL,3869.3467336683416
Christchurch,875000,Flat / Apartment,1193,2,2,2, Richmond,Surrey,TW9 2AU,733.4450963956413
Lammas Park Road,700000,Flat / Apartment,1025,3,3,3,Unknown,London,W5 5JD,682.9268292682926
Sedlescombe Road,2000000,House,2282,4,4,4,Unknown,London,SW6 1RB,876.4241893076249
Elsworthy Road,7250000,New development,3185,4,4,4,Primrose Hill,London,NW3 3DS,2276.2951334379904
Roland Gardens,3250000,Flat / Apartment,2476,4,4,4,Unknown,London,SW7 3PG,1312.600969305331
Sloane Court East,1075000,Flat / Apartment,724,1,1,1,Unknown,London,SW3 4TQ,1484.8066298342542
Bickenhall Mansions,2850000,Flat / Apartment,2163,4,4,4,Bickenhall Street,London,W1U 6BU,1317.614424410541
Stanley Mansions,1650000,Flat / Apartment,1139,3,3,3, Chelsea,London,SW10 0AG,1448.6391571553995
Carrington House,1700000,Flat / Apartment,788,2,2,2, Mayfair,London,W1J 7RG,2157.3604060913704
Winston Road,1350000,House,1552,4,4,4,Unknown,London,N16 9LL,869.8453608247422
Milton Grove,2395000,House,2277,4,4,4,Stoke Newington,London,N16 8QY,1051.822573561704
Mallord Street,5750000,House,3059,5,5,5,Unknown,London,SW3 6DT,1879.6992481203008
West Smithfield,895000,Flat / Apartment,648,2,2,2,Unknown,London,EC1A 9DY,1381.1728395061727
Clarence Park Crescent,2500000,House,2316,5,5,5,Stanmore,Middlesex,HA7 3GD,1079.447322970639
Sandy Lodge Way,850000,House,1384,5,5,5,Northwood,Middlesex,HA6 2AS,614.1618497109827
Wyndham Street,3650000,House,2390,4,4,4,Marylebone,London,W1H 1DB,1527.1966527196653
Lowther Road,2800000,House,3502,6,6,6,Barnes,London,SW13 9NP,799.543118218161
The Vineyard,595000,Flat / Apartment,632,1,1,1,Richmond,Surrey,TW10 6AS,941.4556962025316
Paddock Way,3499000,House,4831,5,5,5,Putney,London,SW15 3TN,724.2806872283171
Danemere Street,2350000,House,3134,6,6,6,Putney,London,SW15 1LT,749.8404594767071
Ravenswood Park,925000,House,1607,4,4,4,Northwood,Middlesex,HA6 3PR,575.6067205973865
Lavender Gardens,950000,Flat / Apartment,911,2,2,2,Unknown,London,SW11 1DJ,1042.8100987925357
Quarrendon Street,4000000,House,3394,6,6,6, Fulham,London,SW6 3ST,1178.5503830288744
Icon Apartments,525000,Flat / Apartment,1030,3,3,3,32 Duckett Street,London,E1 4FX,509.70873786407765
Metcalfe Court,575000,Flat / Apartment,924,2,2,2, Greenwich,London,SE10 0BZ,622.2943722943722
Godolphin Road,1495000,House,1965,4,4,4,Shepherd's Bush,London,W12 8JW,760.8142493638677
Almeric Road,500000,Flat / Apartment,546,2,2,2,Unknown,London,SW11 1HL,915.7509157509157
Manor Road South,1199950,House,2041,4,4,4,Esher,Surrey,KT10 0QL,587.922586967173
Bedford Row,3000000,House,2607,5,5,5,Unknown,London,SE1 4GP,1150.7479861910242
Tudor House,925000,New development,666,1,1,1,Duchess Walk,London,SE1 2SA,1388.888888888889
Grosvenor Square,18950000,Flat / Apartment,3541,4,4,4,Unknown,London,W1K 6LE,5351.59559446484
Northumberland Place,3250000,House,1929,4,4,4,Notting Hill,London,W2 5BS,1684.8107827890099
Eaton House,1200000,Flat / Apartment,1574,3,3,3, Canary Wharf,London,E14 8RN,762.3888182973317
Sandy Lodge Way,1250000,House,1500,4,4,4,Northwood,Middlesex,HA6 2AS,833.3333333333334
Yoakley Road,1250000,House,1252,3,3,3,Stoke Newington,London,N16 0BA,998.4025559105431
Chalfont House,4350000,Flat / Apartment,1773,3,3,3,19-21 Chesham Street,London,SW1X 8NG,2453.4686971235196
Woodstock Grove,450000,Flat / Apartment,440,1,1,1,Unknown,London,W12 8LE,1022.7272727272727
Albert Court,2950000,Flat / Apartment,1055,2,2,2,Kensington Gore,London,SW7 2BL,2796.208530805687
Wellfields,1000000,House,1758,4,4,4,Loughton,Essex,IG10 1NX,568.8282138794084
St. Frideswides Mews,400000,House,571,1,1,1,Canary Wharf,London,E14 6LN,700.5253940455342
Harcourt Terrace,1200000,Flat / Apartment,569,1,1,1,Unknown,London,SW10 9JP,2108.96309314587
Garthside,2500000,House,4348,6,6,6, Ham,Richmond,TW10 5JA,574.9770009199632
Masons Yard,950000,Flat / Apartment,519,1,1,1,St James's,London,SW1Y 6BU,1830.4431599229288
Redington Road,1300000,Flat / Apartment,1210,3,3,3,Hampstead,London,NW3 7RR,1074.3801652892562
Discovery Dock Apartments West,800000,Flat / Apartment,1066,2,2,2, Canary Wharf,London,E14 9LT,750.46904315197
Manor Road,2650000,House,3788,4,4,4, Loughton,Essex,IG10 4AD,699.5776135163675
Manor Road,2995000,House,4543,5,5,5, Loughton,Essex,IG10 4AD,659.2559982390491
Pelhams Walk,2350000,New development,4300,5,5,5,Esher,Surrey,KT10 8QD,546.5116279069767
Pembroke Avenue,799000,House,1589,4,4,4,Surbiton,Surrey,KT5 8HW,502.83196979232224
Abingdon Villas,4650000,House,3343,4,4,4,Unknown,London,W8 6BX,1390.9661980257254
Columbia Gardens,695000,New development,551,1,1,1,Unknown,London,SW6 1FA,1261.3430127041743
Copsem Drive,2350000,House,5011,6,6,6,Esher,Surrey,KT10 9HD,468.96826980642584
New Crane Place,1999000,Flat / Apartment,2247,3,3,3,Unknown,London,E1W 3TX,889.6306186025812
Eaton Square,995000,Flat / Apartment,1073,2,2,2,Unknown,London,SW1W 9BD,927.3066169617894
Courtyard House,1200000,Flat / Apartment,1147,3,3,3, Fulham,London,SW6 2TR,1046.2074978204012
North Gate,2999000,Flat / Apartment,1581,3,3,3,Prince Albert Road,London,NW8 7EJ,1896.900695762176
Waterford Road,2995000,House,2486,5,5,5, Fulham,London,SW6 2DR,1204.7465808527757
Earl's Court Square,525000,Flat / Apartment,420,1,1,1,Unknown,London,SW5 9DG,1250.0
Onedin Point,600000,Flat / Apartment,799,2,2,2,22 Ensign Street,London,E1 8JT,750.9386733416771
Clapham Common North Side,6995000,House,8880,7,7,7,Clapham,London,SW4 0AA,787.7252252252252
Rosscourt Mansions,1000000,Flat / Apartment,1156,3,3,3,Buckingham Palace Road,London,SW1W 0PR,865.0519031141869
Donovan Court,875000,Flat / Apartment,648,1,1,1, London,Chelsea,SW10 9QS,1350.3086419753085
Park Village West,3950000,House,2029,4,4,4,Regent's Park,London,NW1 4AE,1946.7718087727944
Harley Street,18500000,House,8603,6,6,6,Marylebone,London,W1G 6BF,2150.4126467511333
Amhurst Road,485000,Flat / Apartment,563,1,1,1,Hackney,London,E8 2AW,861.4564831261101
Upper Wimpole Street,12750000,House,7526,6,6,6,Marylebone,London,W1G 6LG,1694.127026308796
New Barns Farm,1000000,House,1690,4,4,4, Chigwell,Essex,IG7 6BJ,591.7159763313609
New Barns Farm,1000000,New development,1636,3,3,3, Chigwell,Essex,IG7 6BJ,611.2469437652812
New Barns Farm,950000,New development,1560,3,3,3, Chigwell,Essex,IG7 6BJ,608.974358974359
Bideford Avenue,650000,New development,1139,4,4,4,Perivale,Greenford,UB6 8DF,570.6760316066725
Lingfield Road,1295000,Flat / Apartment,1372,2,2,2,Wimbledon,London,SW19 4QA,943.8775510204082
Coombe End,3650000,House,5424,6,6,6,Kingston upon Thames,Surrey,KT2 7DQ,672.9351032448377
Berkeley Tower,550000,Flat / Apartment,691,1,1,1, Canary Wharf,London,E14 8RP,795.9479015918959
Ditton Grove,1000000,New development,1610,3,3,3,Esher,Surrey,KT10 9FN,621.1180124223603
Arundel Gardens,9500000,House,4683,6,6,6,Notting Hill,London,W11 2LB,2028.6141362374547
Abbey Road,1750000,Penthouse,1535,3,3,3,St John's Wood,London,NW8 9GS,1140.0651465798046
The Mansions,1650000,Flat / Apartment,1698,4,4,4,252 Old Brompton Road,London,SW5 9HW,971.7314487632509
Richard Burbidge Mansions,1700000,Flat / Apartment,1796,3,3,3, Barnes,London,SW13 8RB,946.5478841870824
Clapham Common North Side,685000,Flat / Apartment,655,1,1,1,Unknown,London,SW4 9SH,1045.8015267175572
Geraldine Road,800000,Flat / Apartment,993,2,2,2,Wandsworth,London,SW18 2NS,805.6394763343404
Linksway,4995000,House,8042,6,6,6,Northwood,Middlesex,HA6 2XB,621.1141507087789
Wimbledon Park Road,2650000,House,3468,5,5,5,Putney,London,SW18 5SJ,764.1291810841984
Barnes Avenue,3500000,New development,2720,5,5,5,Barnes,London,SW13 9AB,1286.764705882353
New Providence Wharf,320000,Flat / Apartment,469,1,1,1, Canary Wharf,London,E14 9PL,682.3027718550106
Upper Belgrave Street,8500000,Penthouse,3041,3,3,3,Unknown,London,SW1X 8BD,2795.133179875041
Rathbone Square,2700000,New development,1087,3,3,3, Fitzrovia,London,W1T 1JN,2483.900643974241
Ebury Street,3095000,Flat / Apartment,1450,3,3,3,Unknown,London,SW1W 0PB,2134.4827586206898
Arlington Street,3750000,Penthouse,1589,3,3,3,St James's,London,SW1A 1RD,2359.9748269351794
Moor Lane,800000,Flat / Apartment,572,1,1,1,City Of London,London,EC2Y 9BA,1398.6013986013986
Duncan Terrace,4250000,House,2940,4,4,4,Islington,London,N1 8AG,1445.578231292517
The Old Sorting Office,700000,Flat / Apartment,736,1,1,1, Barnes,London,SW13 0LF,951.0869565217391
The Woods,2650000,House,4828,7,7,7,Northwood,Middlesex,HA6 3EY,548.8815244407622
Fife Road,4750000,House,4206,4,4,4,East Sheen,London,SW14 8BJ,1129.3390394674275
Tenby Mansions,3750000,Penthouse,2433,3,3,3, Marylebone,London,W1U 5ER,1541.3070283600493
Worship Street,1100000,Flat / Apartment,1024,2,2,2,Shoreditch,London,EC2A 2AH,1074.21875
Westleigh Avenue,2695000,House,3646,7,7,7,Putney,London,SW15 6RQ,739.1662095447065
Benson House,1850000,New development,942,2,2,2,4 Radnor Terrace,London,W14 8FE,1963.9065817409767
Parnell Road,325000,Flat / Apartment,538,1,1,1,Unknown,London,E3 2RT,604.089219330855
Clapham Common North Side,2750000,House,3574,6,6,6,Unknown,London,SW4 9SE,769.4459988808059
Wellington House,3500000,Penthouse,1662,3,3,3, Westminster,London,SW1E 6AL,2105.89651022864
Colinette Road,4075000,House,5675,7,7,7,Putney,London,SW15 6QG,718.0616740088105
Holland Park Villas,6950000,New development,1968,3,3,3,6 Campden Hill,London,W8 7AD,3531.5040650406504
North Grove,2500000,House,2597,4,4,4,Highgate,London,N6 4SH,962.6492106276473
17 Lillie Square,830000,New development,600,1,1,1, Earls Court,London,SW6 1UE,1383.3333333333333
17 Lillie Square,1425000,New development,911,2,2,2, Earls Court,London,SW6 1UE,1564.2151481888036
Orchard Court,14500000,Flat / Apartment,4506,4,4,4, Marylebone,London,W1H 6LE,3217.931646693298
Greville Road,699950,Flat / Apartment,901,1,1,1,St Johns Wood,London,NW6 5JA,776.8590455049945
Sandpits Road,1125000,House,1458,4,4,4,Richmond,Surrey,TW10 7DT,771.604938271605
"Dominion House, Barts Square",900000,New development,522,1,1,1, Farringdon,London,EC1A 7BF,1724.1379310344828
Beechmore Road,915000,Flat / Apartment,1186,2,2,2,Unknown,London,SW11 4ET,771.5008431703204
Wilton Crescent &  Kinnerton Street,19000000,House,6796,7,7,7,Belgravia,London,SW1X 8RN,2795.7622130665095
Denison House,525000,Flat / Apartment,844,2,2,2, Canary Wharf,London,E14 9JJ,622.0379146919431
South Hill Park,1100000,Flat / Apartment,781,2,2,2,Hampstead,London,NW3 2SS,1408.4507042253522
Allingham Court,8850000,Penthouse,5138,3,3,3,44 The Bishops Avenue,London,N2 0BA,1722.4601012066953
Blackfriars Road,2985000,New development,1835,2,2,2,Unknown,London,SE1 9GD,1626.7029972752043
Carlton Hill,5695000,House,3110,4,4,4,St John's Wood,London,NW8 0EL,1831.1897106109325
Spice Court,725000,Flat / Apartment,1007,2,2,2,Asher Way,London,E1W 2JD,719.9602780536246
Ikins House,23950000,New development,15405,7,7,7,Hampstead Heath,London,NW11,1554.6900357026939
Lancaster Gate,1300000,Flat / Apartment,834,2,2,2,Bayswater,London,W2 3LH,1558.7529976019184
Television Centre,1550000,New development,1016,2,2,2,5 Wood Crescent,London,W12 7GR,1525.5905511811025
Brompton Square,15495000,House,6359,7,7,7,Unknown,London,SW3 2AE,2436.703884258531
Vincent Square,1425000,Flat / Apartment,1218,2,2,2,Westminster,London,SW1P 2PQ,1169.9507389162561
Gainsborough House,6175000,Penthouse,3150,3,3,3, Hampstead,London,NW3 6PZ,1960.3174603174602
Bartholomew Close,800000,Flat / Apartment,524,1,1,1, Barbican,London,EC1A 7BB,1526.7175572519084
Finchley Road,950000,Flat / Apartment,1241,3,3,3,Hampstead,London,NW3 7AA,765.5116841257051
Dickens Close,3100000,House,3048,5,5,5,Richmond,Surrey,TW10 7AU,1017.0603674540682
Canaletto Tower,3200000,New development,2303,3,3,3,257 City Road,London,EC1V 1AF,1389.4919669995659
Barmouth Road,1300000,House,1690,4,4,4,Wandsworth,London,SW18 2DS,769.2307692307693
Belgrave Court,1700000,Flat / Apartment,1771,3,3,3, Canary Wharf,London,E14 8RJ,959.9096555618295
Wren Avenue,1400000,House,1814,4,4,4,Cricklewood,London,NW2 6UH,771.7750826901874
10 Park Drive,1195000,New development,922,2,2,2,Canary Wharf,London,E14 9SG,1296.0954446854664
10 Park Drive,1125000,New development,1176,2,2,2,Canary Wharf,London,E14 9QL,956.6326530612245
Mansfield Street,4950000,Flat / Apartment,2097,3,3,3,Marylebone,London,W1G 9NF,2360.5150214592277
Lincoln House,2300000,Flat / Apartment,1055,2,2,2,Basil Street,London,SW3 1AW,2180.094786729858
Earls Terrace,9950000,House,5184,5,5,5,Unknown,London,W8 6LP,1919.3672839506173
Lillie Square,1950000,New development,1077,3,3,3, Earls Court,London,SW6 1UE,1810.5849582172702
Montevetro,3450000,Flat / Apartment,1954,2,2,2, Battersea,London,SW11 3YL,1765.6090071647902
Heathfield Gardens,3995000,House,3917,5,5,5,Wandsworth,London,SW18 2PJ,1019.9131988766914
Parliament View Apartments,1495000,Flat / Apartment,1115,3,3,3, Lambeth,London,SE1 7XQ,1340.8071748878924
Temple Road,1350000,House,1683,4,4,4,Chiswick,London,W4 5NW,802.1390374331551
Mercer House,975000,New development,1065,3,3,3,20 St. Josephs Street,London,SW8 4DN,915.4929577464789
Kensington Church Street,4000000,Penthouse,1851,3,3,3,Unknown,London,W8 7LP,2160.9940572663427
Oxford House,1450000,Flat / Apartment,1465,2,2,2,52 Parkside,London,SW19 5NE,989.7610921501706
Lowther Road,3750000,House,3808,5,5,5,Barnes,London,SW13 9NX,984.7689075630252
Onslow Gardens,14500000,Flat / Apartment,5907,5,5,5,Unknown,London,SW7 3PY,2454.7147452175386
Buckingham Gate,1950000,Flat / Apartment,1244,2,2,2,Westminster,London,SW1E 6PB,1567.524115755627
Parliament View Apartments,2950000,Penthouse,1884,3,3,3, Lambeth,London,SE1 7XL,1565.8174097664544
Westover Road,4950000,House,4452,7,7,7,Wandsworth,London,SW18 2RE,1111.8598382749326
Claremont Road,2500000,House,6247,5,5,5, Esher,Surrey,KT10 0PL,400.192092204258
Lace House,525000,Flat / Apartment,619,1,1,1,Pamela Street,London,E8 4FL,848.1421647819063
Citrine Apartments,435000,New development,474,1,1,1,New Gun Wharf,London,E3 5GF,917.7215189873418
Cranmer Court,1800000,Flat / Apartment,1070,3,3,3,Whiteheads Grove,London,SW3 3HE,1682.2429906542056
Ranelagh House,1000000,Flat / Apartment,985,1,1,1,3-5 Elystan Place,London,SW3 3LD,1015.2284263959391
Chesham Place,1475000,Flat / Apartment,818,1,1,1,Unknown,London,SW1X 8HN,1803.1784841075794
Brompton Square,1100000,Flat / Apartment,538,1,1,1,Unknown,London,SW3 2AD,2044.6096654275093
Moore House,1450000,New development,1007,2,2,2,2 Gatliff Road,London,SW1W 8DT,1439.9205561072492
Rutland Gate,1395000,Flat / Apartment,711,2,2,2,Unknown,London,SW7 1PD,1962.0253164556962
Moore House,1050000,New development,1010,3,3,3, Grosvenor Waterside,London,SW1W 8DT,1039.6039603960396
Moore House,1050000,New development,758,1,1,1, Grosvenor Waterside,London,SW1W 8DU,1385.2242744063324
Kensington Church Street,3950000,New development,1924,3,3,3,Kensington,London,W8 7LP,2053.014553014553
Church Street,765000,Flat / Apartment,1122,1,1,1,St. John's Wood,London,NW8 8EP,681.8181818181819
Salvin Road,850000,Flat / Apartment,1008,2,2,2,Putney,London,SW15 1DR,843.2539682539683
Cadogan Place,34000000,House,7798,6,6,6,Belgravia,London,SW1X 9RU,4360.092331367017
St. Marys Mansions,1800000,Flat / Apartment,1388,3,3,3,St. Marys Terrace,London,W2 1SY,1296.8299711815562
Sankey House,485000,Flat / Apartment,632,2,2,2,St James Avenue,London,E2 9JE,767.4050632911392
Riverwalk,2250000,Flat / Apartment,1292,2,2,2, Westminster,London,SW1P 4FA,1741.486068111455
Manor Road,489950,House,765,1,1,1, Loughton,Essex,IG10 4AD,640.4575163398692
St Agnes Close,840000,House,910,3,3,3,South Hackney,London,E9 7HS,923.0769230769231
Television Centre,750000,New development,579,1,1,1,101 Wood Lane,London,W12 7FS,1295.3367875647668
Chiddingstone Street,1025000,Flat / Apartment,1358,3,3,3, Fulham,London,SW6 3TQ,754.7864506627393
The Belvedere,2750000,Flat / Apartment,2136,3,3,3, Chelsea,London,SW10 0XA,1287.4531835205992
Myddelton Square,1500000,Flat / Apartment,1494,4,4,4,Clerkenwell,London,EC1R 1XP,1004.0160642570281
Parkfields,1000000,House,954,2,2,2,Putney,London,SW15 6NH,1048.2180293501049
Hotham Hall,1950000,Flat / Apartment,1878,3,3,3, Putney,London,SW15 1QS,1038.338658146965
Addison Grove,925000,Flat / Apartment,1023,2,2,2,Chiswick,London,W4 1ER,904.2033235581623
Michael Cliffe House,450000,Flat / Apartment,675,2,2,2,Skinner Street,London,EC1R 0LN,666.6666666666666
Artichoke Hill,775000,Flat / Apartment,950,2,2,2,Unknown,London,E1W 2BA,815.7894736842105
Regents Park Road,2500000,Flat / Apartment,1738,4,4,4,Primrose Hill,London,NW1 8XN,1438.4349827387803
Marlborough Place,8950000,House,5727,6,6,6,St. John's Wood,London,NW8 0PL,1562.7728304522439
Chandos Way,1275000,Flat / Apartment,1058,2,2,2,Unknown,London,NW11 7JH,1205.1039697542533
Hand & Flower House,800000,Flat / Apartment,681,1,1,1,617 Kings Road,London,SW6 2ES,1174.7430249632894
Hand & Flower House,1750000,New development,1453,2,2,2,617 Kings Road,London,SW6 2ES,1204.4046799724708
Dickens Yard,1200000,New development,1140,3,3,3, Ealing,London,W5 2XA,1052.6315789473683
Television Centre,790000,New development,591,1,1,1,101 Wood Lane,London,W12 7FS,1336.7174280879865
Viewpoint,639950,New development,779,2,2,2, Battersea,London,SW11 3RD,821.5019255455712
Viewpoint,1119900,Penthouse,1141,3,3,3, Battersea,London,SW11 3RD,981.5074496056092
Viewpoint,559950,New development,546,1,1,1, Battersea,London,SW11 3RD,1025.5494505494505
Atina Court,2725000,Flat / Apartment,1971,3,3,3, Belsize Park,London,NW3 4UR,1382.546930492136
Cumberland Terrace,12950000,House,4693,5,5,5,Regent's Park,London,NW1 4HJ,2759.428936714255
Stamford House,725000,Flat / Apartment,860,2,2,2,23 West Side Common,London,SW19 4UF,843.0232558139535
Highgate Road,600000,Flat / Apartment,593,1,1,1,Kentish Town,London,NW5 1RT,1011.8043844856661
Tanza Road,2500000,Flat / Apartment,1680,3,3,3,Hampstead,London,NW3 2UA,1488.095238095238
Mortimer Road,3500000,House,3174,4,4,4,Islington,London,N1 4LB,1102.7095148078135
Copse Wood Way,1725000,House,2924,6,6,6,Northwood,Middlesex,HA6 2TX,589.9452804377565
Sheen Lane,2850000,House,3600,5,5,5,East Sheen,London,SW14 8RL,791.6666666666666
Blenheim House,6250000,New development,2459,4,4,4, Shad Thames,London,SE1 2SF,2541.683611224075
Stockleigh Hall,1250000,Flat / Apartment,816,2,2,2, St. John's Wood,London,NW8 7LA,1531.862745098039
Lillie Square,8900000,Penthouse,2544,4,4,4, Earls Court,London,SW6 1UE,3498.4276729559747
Turnbull House,349950,Flat / Apartment,517,1,1,1,Windsor Street,London,N1 8QF,676.8858800773694
Admiral Court,2250000,Flat / Apartment,1683,3,3,3, Chelsea Harbour,Chelsea,SW10 0UU,1336.8983957219252
Hilliard Road,800000,House,1432,4,4,4,Northwood,Middlesex,HA6 1SJ,558.659217877095
Thames Quay,2250000,Flat / Apartment,1515,3,3,3, Chelsea,London,SW10 0UY,1485.148514851485
Copsem Lane,950000,House,3173,5,5,5,Esher,Surrey,KT10 9HQ,299.4011976047904
Junction House,675000,New development,823,2,2,2, Battersea,London,SW11 2NU,820.1701093560146
Phoenix Lodge Mansions,1300000,Flat / Apartment,1367,3,3,3,Brook Green,London,W6 7BG,950.9875640087783
Leicester Court,2095000,Flat / Apartment,2078,3,3,3,24 Clevedon Road,Twickenham,TW1 2TB,1008.1809432146295
Park Mansions,1350000,Flat / Apartment,1154,4,4,4,Prince of Wales Drive,London,SW11 4HQ,1169.8440207972271
Chandos Way,1600000,New development,1528,3,3,3, Golders Green,London,NW11 7HP,1047.1204188481674
Eccleston Square,1400000,Flat / Apartment,880,2,2,2, Westminster,London,SW1V 1NS,1590.909090909091
Albemarle Street,16000000,Flat / Apartment,3486,3,3,3,Mayfair,London,W1S 4HY,4589.787722317843
Lauderdale Mansions,1150000,Flat / Apartment,1032,3,3,3, Maida Vale,London,W9 1LX,1114.3410852713178
10 Park Drive,1230000,New development,960,2,2,2,Canary Wharf,London,E14 9SG,1281.25
Chandos Way,995000,New development,872,2,2,2, Golders Green,London,NW11 7HP,1141.0550458715597
Clarges Mayfair,11950000,New development,2347,2,2,2,Mayfair,London,W1J 8JB,5091.606305922454
Candlemakers Apartments,2450000,Penthouse,2262,3,3,3,112 York Road,London,SW11 3RS,1083.1122900088417
Charterhouse Buildings,599995,Flat / Apartment,583,1,1,1,Clerkenwell,London,EC1M 7AN,1029.1509433962265
Wendover Court,1395000,Flat / Apartment,940,3,3,3, Marylebone,London,W1U 7NP,1484.0425531914893
Dalston Lane Terrace,815000,Flat / Apartment,1397,3,3,3,Unknown,London,E8 3AH,583.3929849677882
Torrington Place,875000,House,1050,4,4,4,Unknown,London,E1W 2UY,833.3333333333334
Beaufort Court,1075000,New development,1280,2,2,2,65 Maygrove Road,London,NW6 2DA,839.84375
Junction House,530000,New development,577,1,1,1, Battersea,London,SW11 2NU,918.5441941074523
The Printworks,710000,New development,820,2,2,2, Crouch End,London,N8 9BU,865.8536585365854
Cornwall Gardens,1200000,Flat / Apartment,732,3,3,3,Unknown,London,SW7 4AN,1639.344262295082
Redcliffe Gardens,775000,Flat / Apartment,668,2,2,2,Unknown,London,SW10 9JJ,1160.179640718563
Curzon Street,6500000,Flat / Apartment,2165,2,2,2,Mayfair,London,W1J 7TY,3002.309468822171
Curzon Street,8500000,Flat / Apartment,2665,3,3,3,Mayfair,London,W1J 7TY,3189.493433395872
Burlington Gate,13750000,Penthouse,2476,3,3,3,25 Cork Street,London,W1S 3NB,5553.3117932148625
Lillie Square,3650000,Penthouse,1700,4,4,4,Unknown,London,SW6 1UE,2147.0588235294117
Apartment W1105,2900000,New development,1293,2,2,2, 161 Millbank,London,SW1P 4FA,2242.846094354215
Hamilton Terrace,25000000,House,12435,5,5,5,St Johns Wood,London,NW8 9UJ,2010.454362685967
Cork Street,4100000,New development,1236,2,2,2,Mayfair,London,W1S 3NB,3317.1521035598707
Tollington Way,695000,New development,1023,2,2,2, London,N7 6QX,N7 6RG,679.3743890518084
St. Edmunds Terrace,10000000,Penthouse,3368,4,4,4,St John's Wood,London,NW8 7ED,2969.121140142518
Lowndes Square,13500000,Penthouse,3402,3,3,3,Unknown,London,SW1X 9HB,3968.253968253968
Napier Place,2300000,House,1705,3,3,3,Holland Park,London,W14 8LG,1348.9736070381232
Television Centre,800000,New development,619,1,1,1,6 Wood Crescent,London,W12 7GS,1292.4071082390954
Kensington Park Road,9000000,House,3932,4,4,4,Notting Hill,London,W11 3BU,2288.911495422177
Hampstead Manor,1800000,New development,1352,3,3,3, Hampstead,London,NW3 7ST,1331.3609467455622
Pembridge Villas,5950000,New development,2770,2,2,2,Notting Hill,London,W11 2SU,2148.014440433213
Consort Rise House,1385000,Flat / Apartment,1056,3,3,3, Victoria,London,SW1W 9TB,1311.5530303030303
Bessborough Place,2500000,House,1702,3,3,3,Pimlico,London,SW1V 3SE,1468.8601645123383
Chelsea Waterfront,7400000,New development,2806,4,4,4,Lots Road,London,SW10,2637.205987170349
Park Place,25000000,New development,8356,5,5,5,St James's,London,SW1A 1LP,2991.8621349928194
Loudoun Road,4950000,House,2688,4,4,4,St John's Wood,London,NW8 0LY,1841.517857142857
William Hunt Mansions,1150000,Flat / Apartment,1349,2,2,2, Barnes,London,SW13 8HS,852.4833209785025
Chartwell House,2565000,New development,1766,3,3,3, Battersea,London,SW11 4FA,1452.4348810872027
Chartwell House,1044000,New development,869,2,2,2, Battersea,London,SW11 4FA,1201.3808975834293
Chartwell House,772000,New development,603,1,1,1, Battersea,London,SW11 4FA,1280.2653399668325
Bowden House,1466000,New development,1026,3,3,3, Battersea,London,SW11 4FA,1428.849902534113
Bowden House,1123000,New development,772,2,2,2, Battersea,London,SW11 4FA,1454.6632124352332
Bowden House,778000,New development,636,1,1,1, Battersea,London,SW11 4FA,1223.2704402515724
Rosemary Gate,950000,Flat / Apartment,1154,2,2,2, Esher,Surrey,KT10 9NZ,823.2235701906412
Hamilton Terrace,10950000,House,4728,6,6,6,St John's Wood,London,NW8 9QR,2315.9898477157362
Columbia Gardens North,1250000,New development,837,2,2,2,Unknown,London,SW6 1FU,1493.4289127837515
Corinthia Residences,8950000,New development,2956,3,3,3,10 Whitehall Place,London,SW1A 2BD,3027.7401894451964
Sharpleshall Street,1150000,Flat / Apartment,915,3,3,3,Primrose Hill,London,NW1 8YN,1256.8306010928961
Pembroke Square,4950000,House,2881,4,4,4,Kensington,London,W8 6PD,1718.1534189517529
Cheval House,21000000,Penthouse,5417,5,5,5,30 Montpelier Walk,London,SW7 1JF,3876.6845117223556
Chelsea Manor Street,9950000,New development,2782,2,2,2,Cheyne Terrace,London,SW3 5QP,3576.5636232925954
Heath Drive,2500000,Flat / Apartment,2480,4,4,4,Hampstead,London,NW3 7SB,1008.0645161290323
Gloucester Gate,4900000,House,3467,4,4,4,Regent's Park,London,NW1 4HG,1413.3256417652149
One Hyde Park,9950000,Flat / Apartment,1682,2,2,2,100 Knightsbridge,London,SW1X 7LJ,5915.576694411415
Octavia Street,1995000,House,2200,5,5,5,Battersea,London,SW11 3DN,906.8181818181819
Berkeley Tower,950000,Flat / Apartment,1327,2,2,2, Canary Wharf,London,E14 8RP,715.9005275056519
Theodore Lodge,2450000,New development,2328,3,3,3, Copse Hill,Wimbledon,SW20 0QF,1052.405498281787
Banyan House,2350000,Flat / Apartment,2207,2,2,2, Fulham,London,SW6 2PT,1064.7938377888536
Hampton Close,2495000,House,3047,6,6,6,Wimbledon,London,SW20 0RY,818.8382015096817
Cork Street,5500000,New development,1409,2,2,2,Mayfair,London,W1S 3NB,3903.47764371895
Acris Street,1200000,House,1692,4,4,4,Wandsworth,London,SW18 2QP,709.2198581560284
Redington Road,6950000,House,3988,3,3,3,Hampstead,London,NW3 7RG,1742.728184553661
Lauderdale Drive,2150000,House,3176,5,5,5,Richmond,Surrey,TW10 7BS,676.9521410579345
St. Edmunds Terrace,11300000,Penthouse,3817,4,4,4,St. John's Wood,London,NW8 7ED,2960.4401362326435
Ryger House,9300000,New development,2496,3,3,3, St James's,London,SW1A 1RD,3725.9615384615386
Ironmonger Lane,4300000,House,3660,4,4,4, The City,London,EC2V 8EY,1174.863387978142
Queens Drive,6250000,House,10764,6,6,6,Oxshott,Surrey,KT22 0PH,580.6391675956893
Manor Road,1750000,House,3286,4,4,4, Loughton,Essex,IG10 4AD,532.5623858794887
Claydon House,1850000,Flat / Apartment,1080,2,2,2, Waterfront Drive,London,SW10 0DD,1712.962962962963
Hamilton Terrace,8250000,House,3940,5,5,5,St. John's Wood,London,NW8 9RE,2093.9086294416243
Clabon Mews,5700000,House,2750,5,5,5,Unknown,London,SW1X 0EQ,2072.7272727272725
Herbert Crescent,4950000,Flat / Apartment,1581,3,3,3,Chelsea,London,SW1X 0HB,3130.9297912713473
Chelsea Crescent,1750000,Flat / Apartment,1553,2,2,2, Chelsea,London,SW10 0XB,1126.8512556342562
Park Lane,19950000,Flat / Apartment,3698,5,5,5,Mayfair,London,W1K 7AJ,5394.808004326663
Queen's Gate,3500000,Penthouse,1984,3,3,3,Unknown,London,SW7 5JW,1764.1129032258063
One Lillie Square,3350000,New development,1410,3,3,3,Unknown,Lillie Square,SW6 1UE,2375.886524822695
St. James's Street,5275000,Flat / Apartment,1749,3,3,3,St James's,London,SW1A 1JT,3016.00914808462
Ingram Avenue,5995000,House,4435,6,6,6,Hampstead Garden Suburb,London,NW11 6TG,1351.7474633596391
Cork Street,6300000,New development,1506,3,3,3,Mayfair,London,W1S 3AR,4183.266932270916
Courtenay Avenue,8650000,House,5395,6,6,6,Highgate,London,N6 4LP,1603.336422613531
